year,state,state_po,totalvotes,dem_name,rep_name,dem_votes,rep_votes,winner_votes,loser_votes,votes_to_flip,party_win,electoral_votes,E_total,D_electoral,R_electoral,overall_winner
1976,ALABAMA,AL,1182850,"CARTER, JIMMY","FORD, GERALD",659170,504070,659170,504070,77551,D,,0.0,0.0,0.0,R
1976,ALASKA,AK,123574,"CARTER, JIMMY","FORD, GERALD",44058,71555,71555,44058,13749,R,,0.0,0.0,0.0,R
1976,ARIZONA,AZ,742719,"CARTER, JIMMY","FORD, GERALD",295602,418642,418642,295602,61521,R,,0.0,0.0,0.0,R
1976,ARKANSAS,AR,767535,"CARTER, JIMMY","FORD, GERALD",498604,267903,498604,267903,115351,D,,0.0,0.0,0.0,R
1976,CALIFORNIA,CA,7803770,"CARTER, JIMMY","FORD, GERALD",3742284,3882244,3882244,3742284,69981,R,,0.0,0.0,0.0,R
1976,COLORADO,CO,1081440,"CARTER, JIMMY","FORD, GERALD",460801,584278,584278,460801,61739,R,,0.0,0.0,0.0,R
1976,CONNECTICUT,CT,1386355,"CARTER, JIMMY","FORD, GERALD",647895,719261,719261,647895,35684,R,,0.0,0.0,0.0,R
1976,DELAWARE,DE,235642,"CARTER, JIMMY","FORD, GERALD",122461,109780,122461,109780,6341,D,,0.0,0.0,0.0,R
1976,DISTRICT OF COLUMBIA,DC,168830,"CARTER, JIMMY","FORD, GERALD",137818,27873,137818,27873,54973,D,,0.0,0.0,0.0,R
1976,FLORIDA,FL,3150631,"CARTER, JIMMY","FORD, GERALD",1636000,1469531,1636000,1469531,83235,D,,0.0,0.0,0.0,R
1976,GEORGIA,GA,1463152,"CARTER, JIMMY","FORD, GERALD",979409,483743,979409,483743,247834,D,,0.0,0.0,0.0,R
1976,HAWAII,HI,291301,"CARTER, JIMMY","FORD, GERALD",147375,140003,147375,140003,3687,D,,0.0,0.0,0.0,R
1976,IDAHO,ID,340932,"CARTER, JIMMY","FORD, GERALD",126549,204151,204151,126549,38802,R,,0.0,0.0,0.0,R
1976,ILLINOIS,IL,4721282,"CARTER, JIMMY","FORD, GERALD",2271295,2364269,2364269,2271295,46488,R,,0.0,0.0,0.0,R
1976,INDIANA,IN,2220362,"CARTER, JIMMY","FORD, GERALD",1014714,1183958,1183958,1014714,84623,R,,0.0,0.0,0.0,R
1976,IOWA,IA,1279303,"CARTER, JIMMY","FORD, GERALD",619931,632864,632864,619931,6467,R,,0.0,0.0,0.0,R
1976,KANSAS,KS,957845,"CARTER, JIMMY","FORD, GERALD",430421,502752,502752,430421,36166,R,,0.0,0.0,0.0,R
1976,KENTUCKY,KY,1167142,"CARTER, JIMMY","FORD, GERALD",615717,531852,615717,531852,41933,D,,0.0,0.0,0.0,R
1976,LOUISIANA,LA,1277383,"CARTER, JIMMY","FORD, GERALD",661365,587446,661365,587446,36960,D,,0.0,0.0,0.0,R
1976,MAINE,ME,482968,"CARTER, JIMMY","FORD, GERALD",232279,236320,236320,232279,2021,R,,0.0,0.0,0.0,R
1976,MARYLAND,MD,1432273,"CARTER, JIMMY","FORD, GERALD",759612,672661,759612,672661,43476,D,,0.0,0.0,0.0,R
1976,MASSACHUSETTS,MA,2547558,"CARTER, JIMMY","FORD, GERALD",1429475,1030276,1429475,1030276,199600,D,,0.0,0.0,0.0,R
1976,MICHIGAN,MI,3651590,"CARTER, JIMMY","FORD, GERALD",1696714,1893742,1893742,1696714,98515,R,,0.0,0.0,0.0,R
1976,MINNESOTA,MN,1949931,"CARTER, JIMMY","FORD, GERALD",1070440,819395,1070440,819395,125523,D,,0.0,0.0,0.0,R
1976,MISSISSIPPI,MS,768390,"CARTER, JIMMY","FORD, GERALD",381329,366846,381329,366846,7242,D,,0.0,0.0,0.0,R
1976,MISSOURI,MO,1953600,"CARTER, JIMMY","FORD, GERALD",998387,927443,998387,927443,35473,D,,0.0,0.0,0.0,R
1976,MONTANA,MT,328734,"CARTER, JIMMY","FORD, GERALD",149259,173703,173703,149259,12223,R,,0.0,0.0,0.0,R
1976,NEBRASKA,NE,606749,"CARTER, JIMMY","FORD, GERALD",233293,359219,359219,233293,62964,R,,0.0,0.0,0.0,R
1976,NEVADA,NV,201876,"CARTER, JIMMY","FORD, GERALD",92479,101273,101273,92479,4398,R,,0.0,0.0,0.0,R
1976,NEW HAMPSHIRE,NH,339627,"CARTER, JIMMY","FORD, GERALD",147645,185935,185935,147645,19146,R,,0.0,0.0,0.0,R
1976,NEW JERSEY,NJ,3014472,"CARTER, JIMMY","FORD, GERALD",1444653,1509688,1509688,1444653,32518,R,,0.0,0.0,0.0,R
1976,NEW MEXICO,NM,416590,"CARTER, JIMMY","FORD, GERALD",201148,211419,211419,201148,5136,R,,0.0,0.0,0.0,R
1976,NEW YORK,NY,6668262,"CARTER, JIMMY","FORD, GERALD",3244165,2825913,3244165,2825913,209127,D,,0.0,0.0,0.0,R
1976,NORTH CAROLINA,NC,1677906,"CARTER, JIMMY","FORD, GERALD",927365,741960,927365,741960,92703,D,,0.0,0.0,0.0,R
1976,NORTH DAKOTA,ND,297308,"CARTER, JIMMY","FORD, GERALD",136078,153684,153684,136078,8804,R,,0.0,0.0,0.0,R
1976,OHIO,OH,4110456,"CARTER, JIMMY","FORD, GERALD",2009959,2000626,2009959,2000626,4667,D,,0.0,0.0,0.0,R
1976,OKLAHOMA,OK,1092251,"CARTER, JIMMY","FORD, GERALD",532442,545708,545708,532442,6634,R,,0.0,0.0,0.0,R
1976,OREGON,OR,1029876,"CARTER, JIMMY","FORD, GERALD",490407,492120,492120,490407,857,R,,0.0,0.0,0.0,R
1976,PENNSYLVANIA,PA,4620787,"CARTER, JIMMY","FORD, GERALD",2328677,2205604,2328677,2205604,61537,D,,0.0,0.0,0.0,R
1976,RHODE ISLAND,RI,410584,"CARTER, JIMMY","FORD, GERALD",227636,181249,227636,181249,23194,D,,0.0,0.0,0.0,R
1976,SOUTH CAROLINA,SC,802583,"CARTER, JIMMY","FORD, GERALD",450807,346149,450807,346149,52330,D,,0.0,0.0,0.0,R
1976,SOUTH DAKOTA,SD,300678,"CARTER, JIMMY","FORD, GERALD",147068,151505,151505,147068,2219,R,,0.0,0.0,0.0,R
1976,TENNESSEE,TN,1476346,"CARTER, JIMMY","FORD, GERALD",825879,633969,825879,633969,95956,D,,0.0,0.0,0.0,R
1976,TEXAS,TX,4071884,"CARTER, JIMMY","FORD, GERALD",2082319,1953300,2082319,1953300,64510,D,,0.0,0.0,0.0,R
1976,UTAH,UT,541218,"CARTER, JIMMY","FORD, GERALD",182110,337908,337908,182110,77900,R,,0.0,0.0,0.0,R
1976,VERMONT,VT,183902,"CARTER, JIMMY","FORD, GERALD",77798,100387,100387,77798,11295,R,,0.0,0.0,0.0,R
1976,VIRGINIA,VA,1697094,"CARTER, JIMMY","FORD, GERALD",813896,836554,836554,813896,11330,R,,0.0,0.0,0.0,R
1976,WASHINGTON,WA,1555534,"CARTER, JIMMY","FORD, GERALD",717323,777732,777732,717323,30205,R,,0.0,0.0,0.0,R
1976,WEST VIRGINIA,WV,750590,"CARTER, JIMMY","FORD, GERALD",435864,314726,435864,314726,60570,D,,0.0,0.0,0.0,R
1976,WISCONSIN,WI,2101336,"CARTER, JIMMY","FORD, GERALD",1040232,1004987,1040232,1004987,17623,D,,0.0,0.0,0.0,R
1976,WYOMING,WY,156343,"CARTER, JIMMY","FORD, GERALD",62239,92717,92717,62239,15240,R,,0.0,0.0,0.0,R
1980,ALABAMA,AL,1341929,"CARTER, JIMMY","REAGAN, RONALD",636730,654192,654192,636730,8732,R,,0.0,0.0,0.0,R
1980,ALASKA,AK,158445,"CARTER, JIMMY","REAGAN, RONALD",41842,86112,86112,41842,22136,R,,0.0,0.0,0.0,R
1980,ARIZONA,AZ,873945,"CARTER, JIMMY","REAGAN, RONALD",246843,529688,529688,246843,141423,R,,0.0,0.0,0.0,R
1980,ARKANSAS,AR,837582,"CARTER, JIMMY","REAGAN, RONALD",398041,403164,403164,398041,2562,R,,0.0,0.0,0.0,R
1980,CALIFORNIA,CA,8582938,"CARTER, JIMMY","REAGAN, RONALD",3082943,4522994,4522994,3082943,720026,R,,0.0,0.0,0.0,R
1980,COLORADO,CO,1184450,"CARTER, JIMMY","REAGAN, RONALD",368009,652264,652264,368009,142128,R,,0.0,0.0,0.0,R
1980,CONNECTICUT,CT,1406285,"CARTER, JIMMY","REAGAN, RONALD",541732,677210,677210,541732,67740,R,,0.0,0.0,0.0,R
1980,DELAWARE,DE,235668,"CARTER, JIMMY","REAGAN, RONALD",105754,111252,111252,105754,2750,R,,0.0,0.0,0.0,R
1980,DISTRICT OF COLUMBIA,DC,173889,"CARTER, JIMMY","REAGAN, RONALD",130231,23313,130231,23313,53460,D,,0.0,0.0,0.0,R
1980,FLORIDA,FL,3686927,"CARTER, JIMMY","REAGAN, RONALD",1419475,2046951,2046951,1419475,313739,R,,0.0,0.0,0.0,R
1980,GEORGIA,GA,1596805,"CARTER, JIMMY","REAGAN, RONALD",890955,654168,890955,654168,118394,D,,0.0,0.0,0.0,R
1980,HAWAII,HI,303287,"CARTER, JIMMY","REAGAN, RONALD",135879,130112,135879,130112,2884,D,,0.0,0.0,0.0,R
1980,IDAHO,ID,437431,"CARTER, JIMMY","REAGAN, RONALD",110192,290699,290699,110192,90254,R,,0.0,0.0,0.0,R
1980,ILLINOIS,IL,4749721,"CARTER, JIMMY","REAGAN, RONALD",1981413,2358049,2358049,1981413,188319,R,,0.0,0.0,0.0,R
1980,INDIANA,IN,2242033,"CARTER, JIMMY","REAGAN, RONALD",844197,1255656,1255656,844197,205730,R,,0.0,0.0,0.0,R
1980,IOWA,IA,1317661,"CARTER, JIMMY","REAGAN, RONALD",508672,676026,676026,508672,83678,R,,0.0,0.0,0.0,R
1980,KANSAS,KS,979795,"CARTER, JIMMY","REAGAN, RONALD",326150,566812,566812,326150,120332,R,,0.0,0.0,0.0,R
1980,KENTUCKY,KY,1295627,"CARTER, JIMMY","REAGAN, RONALD",617417,635274,635274,617417,8929,R,,0.0,0.0,0.0,R
1980,LOUISIANA,LA,1548591,"CARTER, JIMMY","REAGAN, RONALD",708453,792853,792853,708453,42201,R,,0.0,0.0,0.0,R
1980,MAINE,ME,523011,"CARTER, JIMMY","REAGAN, RONALD",220974,238522,238522,220974,8775,R,,0.0,0.0,0.0,R
1980,MARYLAND,MD,1540496,"CARTER, JIMMY","REAGAN, RONALD",726161,680606,726161,680606,22778,D,,0.0,0.0,0.0,R
1980,MASSACHUSETTS,MA,2524090,"CARTER, JIMMY","REAGAN, RONALD",1053802,1057631,1057631,1053802,1915,R,,0.0,0.0,0.0,R
1980,MICHIGAN,MI,3909725,"CARTER, JIMMY","REAGAN, RONALD",1661532,1915225,1915225,1661532,126847,R,,0.0,0.0,0.0,R
1980,MINNESOTA,MN,2051916,"CARTER, JIMMY","REAGAN, RONALD",954173,873268,954173,873268,40453,D,,0.0,0.0,0.0,R
1980,MISSISSIPPI,MS,891750,"CARTER, JIMMY","REAGAN, RONALD",429281,441089,441089,429281,5905,R,,0.0,0.0,0.0,R
1980,MISSOURI,MO,2099824,"CARTER, JIMMY","REAGAN, RONALD",931182,1074181,1074181,931182,71500,R,,0.0,0.0,0.0,R
1980,MONTANA,MT,363952,"CARTER, JIMMY","REAGAN, RONALD",118032,206814,206814,118032,44392,R,,0.0,0.0,0.0,R
1980,NEBRASKA,NE,639533,"CARTER, JIMMY","REAGAN, RONALD",166424,419214,419214,166424,126396,R,,0.0,0.0,0.0,R
1980,NEVADA,NV,243692,"CARTER, JIMMY","REAGAN, RONALD",66666,155017,155017,66666,44176,R,,0.0,0.0,0.0,R
1980,NEW HAMPSHIRE,NH,383990,"CARTER, JIMMY","REAGAN, RONALD",108864,221705,221705,108864,56421,R,,0.0,0.0,0.0,R
1980,NEW JERSEY,NJ,2975684,"CARTER, JIMMY","REAGAN, RONALD",1147364,1546557,1546557,1147364,199597,R,,0.0,0.0,0.0,R
1980,NEW MEXICO,NM,456237,"CARTER, JIMMY","REAGAN, RONALD",167826,250779,250779,167826,41477,R,,0.0,0.0,0.0,R
1980,NEW YORK,NY,6201959,"CARTER, JIMMY","REAGAN, RONALD",2728372,2637700,2728372,2637700,45337,D,,0.0,0.0,0.0,R
1980,NORTH CAROLINA,NC,1855833,"CARTER, JIMMY","REAGAN, RONALD",875635,915018,915018,875635,19692,R,,0.0,0.0,0.0,R
1980,NORTH DAKOTA,ND,301116,"CARTER, JIMMY","REAGAN, RONALD",79189,193695,193695,79189,57254,R,,0.0,0.0,0.0,R
1980,OHIO,OH,4283603,"CARTER, JIMMY","REAGAN, RONALD",1752414,2206545,2206545,1752414,227066,R,,0.0,0.0,0.0,R
1980,OKLAHOMA,OK,1149708,"CARTER, JIMMY","REAGAN, RONALD",402026,695570,695570,402026,146773,R,,0.0,0.0,0.0,R
1980,OREGON,OR,1181516,"CARTER, JIMMY","REAGAN, RONALD",456890,571044,571044,456890,57078,R,,0.0,0.0,0.0,R
1980,PENNSYLVANIA,PA,4561501,"CARTER, JIMMY","REAGAN, RONALD",1937540,2261872,2261872,1937540,162167,R,,0.0,0.0,0.0,R
1980,RHODE ISLAND,RI,415967,"CARTER, JIMMY","REAGAN, RONALD",198342,154793,198342,154793,21775,D,,0.0,0.0,0.0,R
1980,SOUTH CAROLINA,SC,888258,"CARTER, JIMMY","REAGAN, RONALD",428220,439277,439277,428220,5529,R,,0.0,0.0,0.0,R
1980,SOUTH DAKOTA,SD,327703,"CARTER, JIMMY","REAGAN, RONALD",103855,198343,198343,103855,47245,R,,0.0,0.0,0.0,R
1980,TENNESSEE,TN,1617616,"CARTER, JIMMY","REAGAN, RONALD",783051,787761,787761,783051,2356,R,,0.0,0.0,0.0,R
1980,TEXAS,TX,4541636,"CARTER, JIMMY","REAGAN, RONALD",1881147,2510705,2510705,1881147,314780,R,,0.0,0.0,0.0,R
1980,UTAH,UT,604152,"CARTER, JIMMY","REAGAN, RONALD",124266,439687,439687,124266,157711,R,,0.0,0.0,0.0,R
1980,VERMONT,VT,213299,"CARTER, JIMMY","REAGAN, RONALD",81952,94628,94628,81952,6339,R,,0.0,0.0,0.0,R
1980,VIRGINIA,VA,1866032,"CARTER, JIMMY","REAGAN, RONALD",752174,989609,989609,752174,118718,R,,0.0,0.0,0.0,R
1980,WASHINGTON,WA,1742394,"CARTER, JIMMY","REAGAN, RONALD",650193,865244,865244,650193,107526,R,,0.0,0.0,0.0,R
1980,WEST VIRGINIA,WV,737715,"CARTER, JIMMY","REAGAN, RONALD",367462,334206,367462,334206,16629,D,,0.0,0.0,0.0,R
1980,WISCONSIN,WI,2273221,"CARTER, JIMMY","REAGAN, RONALD",981584,1088845,1088845,981584,53631,R,,0.0,0.0,0.0,R
1980,WYOMING,WY,176713,"CARTER, JIMMY","REAGAN, RONALD",49427,110700,110700,49427,30637,R,,0.0,0.0,0.0,R
1984,ALABAMA,AL,1441713,"MONDALE, WALTER","REAGAN, RONALD",551899,872849,872849,551899,160476,R,,0.0,0.0,0.0,R
1984,ALASKA,AK,207605,"MONDALE, WALTER","REAGAN, RONALD",62007,138377,138377,62007,38186,R,,0.0,0.0,0.0,R
1984,ARIZONA,AZ,1025897,"MONDALE, WALTER","REAGAN, RONALD",333854,681416,681416,333854,173782,R,,0.0,0.0,0.0,R
1984,ARKANSAS,AR,884406,"MONDALE, WALTER","REAGAN, RONALD",338646,534774,534774,338646,98065,R,,0.0,0.0,0.0,R
1984,CALIFORNIA,CA,9505041,"MONDALE, WALTER","REAGAN, RONALD",3922519,5467009,5467009,3922519,772246,R,,0.0,0.0,0.0,R
1984,COLORADO,CO,1295380,"MONDALE, WALTER","REAGAN, RONALD",454975,821817,821817,454975,183422,R,,0.0,0.0,0.0,R
1984,CONNECTICUT,CT,1466900,"MONDALE, WALTER","REAGAN, RONALD",569597,890877,890877,569597,160641,R,,0.0,0.0,0.0,R
1984,DELAWARE,DE,254572,"MONDALE, WALTER","REAGAN, RONALD",101656,152190,152190,101656,25268,R,,0.0,0.0,0.0,R
1984,DISTRICT OF COLUMBIA,DC,211288,"MONDALE, WALTER","REAGAN, RONALD",180408,29009,180408,29009,75700,D,,0.0,0.0,0.0,R
1984,FLORIDA,FL,4180051,"MONDALE, WALTER","REAGAN, RONALD",1448816,2730350,2730350,1448816,640768,R,,0.0,0.0,0.0,R
1984,GEORGIA,GA,1776103,"MONDALE, WALTER","REAGAN, RONALD",706628,1068722,1068722,706628,181048,R,,0.0,0.0,0.0,R
1984,HAWAII,HI,335846,"MONDALE, WALTER","REAGAN, RONALD",147154,185050,185050,147154,18949,R,,0.0,0.0,0.0,R
1984,IDAHO,ID,411144,"MONDALE, WALTER","REAGAN, RONALD",108510,297523,297523,108510,94507,R,,0.0,0.0,0.0,R
1984,ILLINOIS,IL,4819088,"MONDALE, WALTER","REAGAN, RONALD",2086499,2707103,2707103,2086499,310303,R,,0.0,0.0,0.0,R
1984,INDIANA,IN,2233069,"MONDALE, WALTER","REAGAN, RONALD",841481,1377230,1377230,841481,267875,R,,0.0,0.0,0.0,R
1984,IOWA,IA,1319805,"MONDALE, WALTER","REAGAN, RONALD",605620,703088,703088,605620,48735,R,,0.0,0.0,0.0,R
1984,KANSAS,KS,1021991,"MONDALE, WALTER","REAGAN, RONALD",333149,677296,677296,333149,172074,R,,0.0,0.0,0.0,R
1984,KENTUCKY,KY,1369345,"MONDALE, WALTER","REAGAN, RONALD",539539,821702,821702,539539,141082,R,,0.0,0.0,0.0,R
1984,LOUISIANA,LA,1706822,"MONDALE, WALTER","REAGAN, RONALD",651586,1037299,1037299,651586,192857,R,,0.0,0.0,0.0,R
1984,MAINE,ME,553144,"MONDALE, WALTER","REAGAN, RONALD",214515,336500,336500,214515,60993,R,,0.0,0.0,0.0,R
1984,MARYLAND,MD,1675873,"MONDALE, WALTER","REAGAN, RONALD",787935,879918,879918,787935,45992,R,,0.0,0.0,0.0,R
1984,MASSACHUSETTS,MA,2559383,"MONDALE, WALTER","REAGAN, RONALD",1239606,1310936,1310936,1239606,35666,R,,0.0,0.0,0.0,R
1984,MICHIGAN,MI,3801658,"MONDALE, WALTER","REAGAN, RONALD",1529638,2251571,2251571,1529638,360967,R,,0.0,0.0,0.0,R
1984,MINNESOTA,MN,2084449,"MONDALE, WALTER","REAGAN, RONALD",1036364,1032603,1036364,1032603,1881,D,,0.0,0.0,0.0,R
1984,MISSISSIPPI,MS,941104,"MONDALE, WALTER","REAGAN, RONALD",352192,582377,582377,352192,115093,R,,0.0,0.0,0.0,R
1984,MISSOURI,MO,2122771,"MONDALE, WALTER","REAGAN, RONALD",848583,1274188,1274188,848583,212803,R,,0.0,0.0,0.0,R
1984,MONTANA,MT,384377,"MONDALE, WALTER","REAGAN, RONALD",146742,232450,232450,146742,42855,R,,0.0,0.0,0.0,R
1984,NEBRASKA,NE,652090,"MONDALE, WALTER","REAGAN, RONALD",187866,460054,460054,187866,136095,R,,0.0,0.0,0.0,R
1984,NEVADA,NV,282717,"MONDALE, WALTER","REAGAN, RONALD",91655,188770,188770,91655,48558,R,,0.0,0.0,0.0,R
1984,NEW HAMPSHIRE,NH,388904,"MONDALE, WALTER","REAGAN, RONALD",120347,267050,267050,120347,73352,R,,0.0,0.0,0.0,R
1984,NEW JERSEY,NJ,3217862,"MONDALE, WALTER","REAGAN, RONALD",1261323,1933630,1933630,1261323,336154,R,,0.0,0.0,0.0,R
1984,NEW MEXICO,NM,514370,"MONDALE, WALTER","REAGAN, RONALD",201769,307101,307101,201769,52667,R,,0.0,0.0,0.0,R
1984,NEW YORK,NY,6806810,"MONDALE, WALTER","REAGAN, RONALD",3001285,3376519,3376519,3001285,187618,R,,0.0,0.0,0.0,R
1984,NORTH CAROLINA,NC,2175361,"MONDALE, WALTER","REAGAN, RONALD",824287,1346481,1346481,824287,261098,R,,0.0,0.0,0.0,R
1984,NORTH DAKOTA,ND,308971,"MONDALE, WALTER","REAGAN, RONALD",104429,200336,200336,104429,47954,R,,0.0,0.0,0.0,R
1984,OHIO,OH,4563235,"MONDALE, WALTER","REAGAN, RONALD",1825440,2678559,2678559,1825440,426560,R,,0.0,0.0,0.0,R
1984,OKLAHOMA,OK,1255676,"MONDALE, WALTER","REAGAN, RONALD",385080,861530,861530,385080,238226,R,,0.0,0.0,0.0,R
1984,OREGON,OR,1226527,"MONDALE, WALTER","REAGAN, RONALD",536479,685700,685700,536479,74611,R,,0.0,0.0,0.0,R
1984,PENNSYLVANIA,PA,4844903,"MONDALE, WALTER","REAGAN, RONALD",2228131,2584323,2584323,2228131,178097,R,,0.0,0.0,0.0,R
1984,RHODE ISLAND,RI,410489,"MONDALE, WALTER","REAGAN, RONALD",197106,212080,212080,197106,7488,R,,0.0,0.0,0.0,R
1984,SOUTH CAROLINA,SC,968529,"MONDALE, WALTER","REAGAN, RONALD",344459,615539,615539,344459,135541,R,,0.0,0.0,0.0,R
1984,SOUTH DAKOTA,SD,317867,"MONDALE, WALTER","REAGAN, RONALD",116113,200267,200267,116113,42078,R,,0.0,0.0,0.0,R
1984,TENNESSEE,TN,1711993,"MONDALE, WALTER","REAGAN, RONALD",711714,990212,990212,711714,139250,R,,0.0,0.0,0.0,R
1984,TEXAS,TX,5397571,"MONDALE, WALTER","REAGAN, RONALD",1949276,3433428,3433428,1949276,742077,R,,0.0,0.0,0.0,R
1984,UTAH,UT,629656,"MONDALE, WALTER","REAGAN, RONALD",155369,469105,469105,155369,156869,R,,0.0,0.0,0.0,R
1984,VERMONT,VT,234561,"MONDALE, WALTER","REAGAN, RONALD",95730,135865,135865,95730,20068,R,,0.0,0.0,0.0,R
1984,VIRGINIA,VA,2146635,"MONDALE, WALTER","REAGAN, RONALD",796250,1337078,1337078,796250,270415,R,,0.0,0.0,0.0,R
1984,WASHINGTON,WA,1874910,"MONDALE, WALTER","REAGAN, RONALD",798352,1051670,1051670,798352,126660,R,,0.0,0.0,0.0,R
1984,WEST VIRGINIA,WV,735742,"MONDALE, WALTER","REAGAN, RONALD",328125,405483,405483,328125,38680,R,,0.0,0.0,0.0,R
1984,WISCONSIN,WI,2211689,"MONDALE, WALTER","REAGAN, RONALD",995740,1198584,1198584,995740,101423,R,,0.0,0.0,0.0,R
1984,WYOMING,WY,188968,"MONDALE, WALTER","REAGAN, RONALD",53370,133241,133241,53370,39936,R,,0.0,0.0,0.0,R
1988,ALABAMA,AL,1378476,"DUKAKIS, MICHAEL","BUSH, GEORGE H.W.",549506,815576,815576,549506,133036,R,,0.0,0.0,0.0,R
1988,ALASKA,AK,200116,"DUKAKIS, MICHAEL","BUSH, GEORGE H.W.",72584,119251,119251,72584,23334,R,,0.0,0.0,0.0,R
1988,ARIZONA,AZ,1171873,"DUKAKIS, MICHAEL","BUSH, GEORGE H.W.",454029,702541,702541,454029,124257,R,,0.0,0.0,0.0,R
1988,ARKANSAS,AR,827738,"DUKAKIS, MICHAEL","BUSH, GEORGE H.W.",349237,466578,466578,349237,58671,R,,0.0,0.0,0.0,R
1988,CALIFORNIA,CA,9887065,"DUKAKIS, MICHAEL","BUSH, GEORGE H.W.",4702233,5054917,5054917,4702233,176343,R,,0.0,0.0,0.0,R
1988,COLORADO,CO,1372394,"DUKAKIS, MICHAEL","BUSH, GEORGE H.W.",621453,728177,728177,621453,53363,R,,0.0,0.0,0.0,R
1988,CONNECTICUT,CT,1443394,"DUKAKIS, MICHAEL","BUSH, GEORGE H.W.",676584,750241,750241,676584,36829,R,,0.0,0.0,0.0,R
1988,DELAWARE,DE,249891,"DUKAKIS, MICHAEL","BUSH, GEORGE H.W.",108647,139639,139639,108647,15497,R,,0.0,0.0,0.0,R
1988,DISTRICT OF COLUMBIA,DC,192877,"DUKAKIS, MICHAEL","BUSH, GEORGE H.W.",159407,27590,159407,27590,65909,D,,0.0,0.0,0.0,R
1988,FLORIDA,FL,4302313,"DUKAKIS, MICHAEL","BUSH, GEORGE H.W.",1656701,2618885,2618885,1656701,481093,R,,0.0,0.0,0.0,R
1988,GEORGIA,GA,1809672,"DUKAKIS, MICHAEL","BUSH, GEORGE H.W.",714792,1081331,1081331,714792,183270,R,,0.0,0.0,0.0,R
1988,HAWAII,HI,354461,"DUKAKIS, MICHAEL","BUSH, GEORGE H.W.",192364,158625,192364,158625,16870,D,,0.0,0.0,0.0,R
1988,IDAHO,ID,408968,"DUKAKIS, MICHAEL","BUSH, GEORGE H.W.",147272,253881,253881,147272,53305,R,,0.0,0.0,0.0,R
1988,ILLINOIS,IL,4559120,"DUKAKIS, MICHAEL","BUSH, GEORGE H.W.",2215940,2310939,2310939,2215940,47500,R,,0.0,0.0,0.0,R
1988,INDIANA,IN,2168621,"DUKAKIS, MICHAEL","BUSH, GEORGE H.W.",860643,1297763,1297763,860643,218561,R,,0.0,0.0,0.0,R
1988,IOWA,IA,1225614,"DUKAKIS, MICHAEL","BUSH, GEORGE H.W.",670557,545355,670557,545355,62602,D,,0.0,0.0,0.0,R
1988,KANSAS,KS,993044,"DUKAKIS, MICHAEL","BUSH, GEORGE H.W.",422636,554049,554049,422636,65707,R,,0.0,0.0,0.0,R
1988,KENTUCKY,KY,1322517,"DUKAKIS, MICHAEL","BUSH, GEORGE H.W.",580368,734281,734281,580368,76957,R,,0.0,0.0,0.0,R
1988,LOUISIANA,LA,1628202,"DUKAKIS, MICHAEL","BUSH, GEORGE H.W.",717460,883702,883702,717460,83122,R,,0.0,0.0,0.0,R
1988,MAINE,ME,555035,"DUKAKIS, MICHAEL","BUSH, GEORGE H.W.",243569,307131,307131,243569,31782,R,,0.0,0.0,0.0,R
1988,MARYLAND,MD,1714358,"DUKAKIS, MICHAEL","BUSH, GEORGE H.W.",826304,876167,876167,826304,24932,R,,0.0,0.0,0.0,R
1988,MASSACHUSETTS,MA,2632801,"DUKAKIS, MICHAEL","BUSH, GEORGE H.W.",1401415,1194635,1401415,1194635,103391,D,,0.0,0.0,0.0,R
1988,MICHIGAN,MI,3669163,"DUKAKIS, MICHAEL","BUSH, GEORGE H.W.",1675783,1965486,1965486,1675783,144852,R,,0.0,0.0,0.0,R
1988,MINNESOTA,MN,2096790,"DUKAKIS, MICHAEL","BUSH, GEORGE H.W.",1109471,962337,1109471,962337,73568,D,,0.0,0.0,0.0,R
1988,MISSISSIPPI,MS,931527,"DUKAKIS, MICHAEL","BUSH, GEORGE H.W.",363921,557890,557890,363921,96985,R,,0.0,0.0,0.0,R
1988,MISSOURI,MO,2093228,"DUKAKIS, MICHAEL","BUSH, GEORGE H.W.",1001619,1084953,1084953,1001619,41668,R,,0.0,0.0,0.0,R
1988,MONTANA,MT,365674,"DUKAKIS, MICHAEL","BUSH, GEORGE H.W.",168936,190412,190412,168936,10739,R,,0.0,0.0,0.0,R
1988,NEBRASKA,NE,661465,"DUKAKIS, MICHAEL","BUSH, GEORGE H.W.",259235,397956,397956,259235,69361,R,,0.0,0.0,0.0,R
1988,NEVADA,NV,343133,"DUKAKIS, MICHAEL","BUSH, GEORGE H.W.",132738,206040,206040,132738,36652,R,,0.0,0.0,0.0,R
1988,NEW HAMPSHIRE,NH,450525,"DUKAKIS, MICHAEL","BUSH, GEORGE H.W.",163696,281537,281537,163696,58921,R,,0.0,0.0,0.0,R
1988,NEW JERSEY,NJ,3099553,"DUKAKIS, MICHAEL","BUSH, GEORGE H.W.",1320352,1743192,1743192,1320352,211421,R,,0.0,0.0,0.0,R
1988,NEW MEXICO,NM,521387,"DUKAKIS, MICHAEL","BUSH, GEORGE H.W.",244497,270341,270341,244497,12923,R,,0.0,0.0,0.0,R
1988,NEW YORK,NY,6485683,"DUKAKIS, MICHAEL","BUSH, GEORGE H.W.",3255487,2838414,3255487,2838414,208537,D,,0.0,0.0,0.0,R
1988,NORTH CAROLINA,NC,2134370,"DUKAKIS, MICHAEL","BUSH, GEORGE H.W.",890167,1237258,1237258,890167,173546,R,,0.0,0.0,0.0,R
1988,NORTH DAKOTA,ND,297261,"DUKAKIS, MICHAEL","BUSH, GEORGE H.W.",127739,166559,166559,127739,19411,R,,0.0,0.0,0.0,R
1988,OHIO,OH,4393585,"DUKAKIS, MICHAEL","BUSH, GEORGE H.W.",1939629,2416549,2416549,1939629,238461,R,,0.0,0.0,0.0,R
1988,OKLAHOMA,OK,1171036,"DUKAKIS, MICHAEL","BUSH, GEORGE H.W.",483423,678367,678367,483423,97473,R,,0.0,0.0,0.0,R
1988,OREGON,OR,1201694,"DUKAKIS, MICHAEL","BUSH, GEORGE H.W.",616206,560126,616206,560126,28041,D,,0.0,0.0,0.0,R
1988,PENNSYLVANIA,PA,4536251,"DUKAKIS, MICHAEL","BUSH, GEORGE H.W.",2194944,2300087,2300087,2194944,52572,R,,0.0,0.0,0.0,R
1988,RHODE ISLAND,RI,404622,"DUKAKIS, MICHAEL","BUSH, GEORGE H.W.",225123,177761,225123,177761,23682,D,,0.0,0.0,0.0,R
1988,SOUTH CAROLINA,SC,986009,"DUKAKIS, MICHAEL","BUSH, GEORGE H.W.",370554,606443,606443,370554,117945,R,,0.0,0.0,0.0,R
1988,SOUTH DAKOTA,SD,312991,"DUKAKIS, MICHAEL","BUSH, GEORGE H.W.",145560,165415,165415,145560,9928,R,,0.0,0.0,0.0,R
1988,TENNESSEE,TN,1636250,"DUKAKIS, MICHAEL","BUSH, GEORGE H.W.",679794,947233,947233,679794,133720,R,,0.0,0.0,0.0,R
1988,TEXAS,TX,5427410,"DUKAKIS, MICHAEL","BUSH, GEORGE H.W.",2352748,3036829,3036829,2352748,342041,R,,0.0,0.0,0.0,R
1988,UTAH,UT,647008,"DUKAKIS, MICHAEL","BUSH, GEORGE H.W.",207343,428442,428442,207343,110550,R,,0.0,0.0,0.0,R
1988,VERMONT,VT,243328,"DUKAKIS, MICHAEL","BUSH, GEORGE H.W.",115775,124331,124331,115775,4279,R,,0.0,0.0,0.0,R
1988,VIRGINIA,VA,2191609,"DUKAKIS, MICHAEL","BUSH, GEORGE H.W.",859799,1309162,1309162,859799,224682,R,,0.0,0.0,0.0,R
1988,WASHINGTON,WA,1865253,"DUKAKIS, MICHAEL","BUSH, GEORGE H.W.",933516,903835,933516,903835,14841,D,,0.0,0.0,0.0,R
1988,WEST VIRGINIA,WV,653311,"DUKAKIS, MICHAEL","BUSH, GEORGE H.W.",341016,310065,341016,310065,15476,D,,0.0,0.0,0.0,R
1988,WISCONSIN,WI,2191608,"DUKAKIS, MICHAEL","BUSH, GEORGE H.W.",1126794,1047499,1126794,1047499,39648,D,,0.0,0.0,0.0,R
1988,WYOMING,WY,176551,"DUKAKIS, MICHAEL","BUSH, GEORGE H.W.",67113,106867,106867,67113,19878,R,,0.0,0.0,0.0,R
1992,ALABAMA,AL,1688060,"CLINTON, BILL","BUSH, GEORGE H.W.",690080,804283,804283,690080,57102,R,,0.0,0.0,0.0,R
1992,ALASKA,AK,258506,"CLINTON, BILL","BUSH, GEORGE H.W.",78294,102000,102000,78294,11854,R,,0.0,0.0,0.0,R
1992,ARIZONA,AZ,1486975,"CLINTON, BILL","BUSH, GEORGE H.W.",543050,572086,572086,543050,14519,R,,0.0,0.0,0.0,R
1992,ARKANSAS,AR,950653,"CLINTON, BILL","BUSH, GEORGE H.W.",505823,337324,505823,337324,84250,D,,0.0,0.0,0.0,R
1992,CALIFORNIA,CA,11131721,"CLINTON, BILL","BUSH, GEORGE H.W.",5121325,3630574,5121325,3630574,745376,D,,0.0,0.0,0.0,R
1992,COLORADO,CO,1569180,"CLINTON, BILL","BUSH, GEORGE H.W.",629681,562850,629681,562850,33416,D,,0.0,0.0,0.0,R
1992,CONNECTICUT,CT,1616156,"CLINTON, BILL","BUSH, GEORGE H.W.",682318,578313,682318,578313,52003,D,,0.0,0.0,0.0,R
1992,DELAWARE,DE,289620,"CLINTON, BILL","BUSH, GEORGE H.W.",126054,102313,126054,102313,11871,D,,0.0,0.0,0.0,R
1992,DISTRICT OF COLUMBIA,DC,227572,"CLINTON, BILL","BUSH, GEORGE H.W.",192619,20698,192619,20698,85961,D,,0.0,0.0,0.0,R
1992,FLORIDA,FL,5313392,"CLINTON, BILL","BUSH, GEORGE H.W.",2071698,2173310,2173310,2071698,50807,R,,0.0,0.0,0.0,R
1992,GEORGIA,GA,2321133,"CLINTON, BILL","BUSH, GEORGE H.W.",1008966,995252,1008966,995252,6858,D,,0.0,0.0,0.0,R
1992,HAWAII,HI,372842,"CLINTON, BILL","BUSH, GEORGE H.W.",179310,136822,179310,136822,21245,D,,0.0,0.0,0.0,R
1992,IDAHO,ID,482114,"CLINTON, BILL","BUSH, GEORGE H.W.",137013,202645,202645,137013,32817,R,,0.0,0.0,0.0,R
1992,ILLINOIS,IL,5050157,"CLINTON, BILL","BUSH, GEORGE H.W.",2453350,1734096,2453350,1734096,359628,D,,0.0,0.0,0.0,R
1992,INDIANA,IN,2305871,"CLINTON, BILL","BUSH, GEORGE H.W.",848420,989375,989375,848420,70478,R,,0.0,0.0,0.0,R
1992,IOWA,IA,1354607,"CLINTON, BILL","BUSH, GEORGE H.W.",586353,504891,586353,504891,40732,D,,0.0,0.0,0.0,R
1992,KANSAS,KS,1157236,"CLINTON, BILL","BUSH, GEORGE H.W.",390434,449951,449951,390434,29759,R,,0.0,0.0,0.0,R
1992,KENTUCKY,KY,1492900,"CLINTON, BILL","BUSH, GEORGE H.W.",665104,617178,665104,617178,23964,D,,0.0,0.0,0.0,R
1992,LOUISIANA,LA,1790017,"CLINTON, BILL","BUSH, GEORGE H.W.",815971,733386,815971,733386,41293,D,,0.0,0.0,0.0,R
1992,MAINE,ME,679499,"CLINTON, BILL","BUSH, GEORGE H.W.",263420,206504,263420,206504,28459,D,,0.0,0.0,0.0,R
1992,MARYLAND,MD,1984580,"CLINTON, BILL","BUSH, GEORGE H.W.",988571,707094,988571,707094,140739,D,,0.0,0.0,0.0,R
1992,MASSACHUSETTS,MA,2773664,"CLINTON, BILL","BUSH, GEORGE H.W.",1318639,805039,1318639,805039,256801,D,,0.0,0.0,0.0,R
1992,MICHIGAN,MI,4274673,"CLINTON, BILL","BUSH, GEORGE H.W.",1871182,1554940,1871182,1554940,158122,D,,0.0,0.0,0.0,R
1992,MINNESOTA,MN,2347948,"CLINTON, BILL","BUSH, GEORGE H.W.",1020997,747841,1020997,747841,136579,D,,0.0,0.0,0.0,R
1992,MISSISSIPPI,MS,981793,"CLINTON, BILL","BUSH, GEORGE H.W.",400258,487793,487793,400258,43768,R,,0.0,0.0,0.0,R
1992,MISSOURI,MO,2391270,"CLINTON, BILL","BUSH, GEORGE H.W.",1053873,811159,1053873,811159,121358,D,,0.0,0.0,0.0,R
1992,MONTANA,MT,410583,"CLINTON, BILL","BUSH, GEORGE H.W.",154507,144207,154507,144207,5151,D,,0.0,0.0,0.0,R
1992,NEBRASKA,NE,737546,"CLINTON, BILL","BUSH, GEORGE H.W.",216864,343678,343678,216864,63408,R,,0.0,0.0,0.0,R
1992,NEVADA,NV,506318,"CLINTON, BILL","BUSH, GEORGE H.W.",189148,175828,189148,175828,6661,D,,0.0,0.0,0.0,R
1992,NEW HAMPSHIRE,NH,537215,"CLINTON, BILL","BUSH, GEORGE H.W.",209040,202484,209040,202484,3279,D,,0.0,0.0,0.0,R
1992,NEW JERSEY,NJ,3343594,"CLINTON, BILL","BUSH, GEORGE H.W.",1436206,1356865,1436206,1356865,39671,D,,0.0,0.0,0.0,R
1992,NEW MEXICO,NM,569986,"CLINTON, BILL","BUSH, GEORGE H.W.",261617,212824,261617,212824,24397,D,,0.0,0.0,0.0,R
1992,NEW YORK,NY,7079432,"CLINTON, BILL","BUSH, GEORGE H.W.",3346894,2041690,3346894,2041690,652603,D,,0.0,0.0,0.0,R
1992,NORTH CAROLINA,NC,2611850,"CLINTON, BILL","BUSH, GEORGE H.W.",1114042,1134661,1134661,1114042,10310,R,,0.0,0.0,0.0,R
1992,NORTH DAKOTA,ND,308133,"CLINTON, BILL","BUSH, GEORGE H.W.",99168,136244,136244,99168,18539,R,,0.0,0.0,0.0,R
1992,OHIO,OH,4939967,"CLINTON, BILL","BUSH, GEORGE H.W.",1984942,1894310,1984942,1894310,45317,D,,0.0,0.0,0.0,R
1992,OKLAHOMA,OK,1390359,"CLINTON, BILL","BUSH, GEORGE H.W.",473066,592929,592929,473066,59932,R,,0.0,0.0,0.0,R
1992,OREGON,OR,1462643,"CLINTON, BILL","BUSH, GEORGE H.W.",621314,475757,621314,475757,72779,D,,0.0,0.0,0.0,R
1992,PENNSYLVANIA,PA,4959810,"CLINTON, BILL","BUSH, GEORGE H.W.",2239164,1791841,2239164,1791841,223662,D,,0.0,0.0,0.0,R
1992,RHODE ISLAND,RI,453365,"CLINTON, BILL","BUSH, GEORGE H.W.",213299,131601,213299,131601,40850,D,,0.0,0.0,0.0,R
1992,SOUTH CAROLINA,SC,1228912,"CLINTON, BILL","BUSH, GEORGE H.W.",525514,577507,577507,525514,25997,R,,0.0,0.0,0.0,R
1992,SOUTH DAKOTA,SD,336254,"CLINTON, BILL","BUSH, GEORGE H.W.",124888,136718,136718,124888,5916,R,,0.0,0.0,0.0,R
1992,TENNESSEE,TN,1982638,"CLINTON, BILL","BUSH, GEORGE H.W.",933521,841300,933521,841300,46111,D,,0.0,0.0,0.0,R
1992,TEXAS,TX,6154018,"CLINTON, BILL","BUSH, GEORGE H.W.",2281815,2496071,2496071,2281815,107129,R,,0.0,0.0,0.0,R
1992,UTAH,UT,743998,"CLINTON, BILL","BUSH, GEORGE H.W.",183429,322632,322632,183429,69602,R,,0.0,0.0,0.0,R
1992,VERMONT,VT,289701,"CLINTON, BILL","BUSH, GEORGE H.W.",133592,88122,133592,88122,22736,D,,0.0,0.0,0.0,R
1992,VIRGINIA,VA,2559129,"CLINTON, BILL","BUSH, GEORGE H.W.",1038650,1150517,1150517,1038650,55934,R,,0.0,0.0,0.0,R
1992,WASHINGTON,WA,2287565,"CLINTON, BILL","BUSH, GEORGE H.W.",993037,731234,993037,731234,130902,D,,0.0,0.0,0.0,R
1992,WEST VIRGINIA,WV,683677,"CLINTON, BILL","BUSH, GEORGE H.W.",331001,241974,331001,241974,44514,D,,0.0,0.0,0.0,R
1992,WISCONSIN,WI,2531064,"CLINTON, BILL","BUSH, GEORGE H.W.",1041066,930855,1041066,930855,55106,D,,0.0,0.0,0.0,R
1992,WYOMING,WY,199884,"CLINTON, BILL","BUSH, GEORGE H.W.",68160,79347,79347,68160,5594,R,,0.0,0.0,0.0,R
1996,ALABAMA,AL,1534349,"CLINTON, BILL","DOLE, ROBERT",662165,769044,769044,662165,53440,R,,0.0,0.0,0.0,R
1996,ALASKA,AK,241620,"CLINTON, BILL","DOLE, ROBERT",80380,122746,122746,80380,21184,R,,0.0,0.0,0.0,R
1996,ARIZONA,AZ,1404405,"CLINTON, BILL","DOLE, ROBERT",653288,622073,653288,622073,15608,D,,0.0,0.0,0.0,R
1996,ARKANSAS,AR,884262,"CLINTON, BILL","DOLE, ROBERT",475171,325416,475171,325416,74878,D,,0.0,0.0,0.0,R
1996,CALIFORNIA,CA,10019469,"CLINTON, BILL","DOLE, ROBERT",5119835,3828381,5119835,3828381,645728,D,,0.0,0.0,0.0,R
1996,COLORADO,CO,1510702,"CLINTON, BILL","DOLE, ROBERT",671152,691848,691848,671152,10349,R,,0.0,0.0,0.0,R
1996,CONNECTICUT,CT,1392614,"CLINTON, BILL","DOLE, ROBERT",735740,483109,735740,483109,126316,D,,0.0,0.0,0.0,R
1996,DELAWARE,DE,270810,"CLINTON, BILL","DOLE, ROBERT",140355,99062,140355,99062,20647,D,,0.0,0.0,0.0,R
1996,DISTRICT OF COLUMBIA,DC,185726,"CLINTON, BILL","DOLE, ROBERT",158220,17339,158220,17339,70441,D,,0.0,0.0,0.0,R
1996,FLORIDA,FL,5303154,"CLINTON, BILL","DOLE, ROBERT",2546870,2244536,2546870,2244536,151168,D,,0.0,0.0,0.0,R
1996,GEORGIA,GA,2298899,"CLINTON, BILL","DOLE, ROBERT",1053849,1080843,1080843,1053849,13498,R,,0.0,0.0,0.0,R
1996,HAWAII,HI,360120,"CLINTON, BILL","DOLE, ROBERT",205012,113943,205012,113943,45535,D,,0.0,0.0,0.0,R
1996,IDAHO,ID,491711,"CLINTON, BILL","DOLE, ROBERT",165443,256595,256595,165443,45577,R,,0.0,0.0,0.0,R
1996,ILLINOIS,IL,4311391,"CLINTON, BILL","DOLE, ROBERT",2341744,1587021,2341744,1587021,377362,D,,0.0,0.0,0.0,R
1996,INDIANA,IN,2135431,"CLINTON, BILL","DOLE, ROBERT",887424,1006693,1006693,887424,59635,R,,0.0,0.0,0.0,R
1996,IOWA,IA,1234075,"CLINTON, BILL","DOLE, ROBERT",620258,492644,620258,492644,63808,D,,0.0,0.0,0.0,R
1996,KANSAS,KS,1074300,"CLINTON, BILL","DOLE, ROBERT",387659,583245,583245,387659,97794,R,,0.0,0.0,0.0,R
1996,KENTUCKY,KY,1388708,"CLINTON, BILL","DOLE, ROBERT",636614,623283,636614,623283,6666,D,,0.0,0.0,0.0,R
1996,LOUISIANA,LA,1783959,"CLINTON, BILL","DOLE, ROBERT",927837,712586,927837,712586,107626,D,,0.0,0.0,0.0,R
1996,MAINE,ME,605897,"CLINTON, BILL","DOLE, ROBERT",312788,186378,312788,186378,63206,D,,0.0,0.0,0.0,R
1996,MARYLAND,MD,1780870,"CLINTON, BILL","DOLE, ROBERT",966207,681530,966207,681530,142339,D,,0.0,0.0,0.0,R
1996,MASSACHUSETTS,MA,2556459,"CLINTON, BILL","DOLE, ROBERT",1571509,718058,1571509,718058,426726,D,,0.0,0.0,0.0,R
1996,MICHIGAN,MI,3848844,"CLINTON, BILL","DOLE, ROBERT",1989653,1481212,1989653,1481212,254221,D,,0.0,0.0,0.0,R
1996,MINNESOTA,MN,2192492,"CLINTON, BILL","DOLE, ROBERT",1120380,766395,1120380,766395,176993,D,,0.0,0.0,0.0,R
1996,MISSISSIPPI,MS,893857,"CLINTON, BILL","DOLE, ROBERT",394022,439838,439838,394022,22909,R,,0.0,0.0,0.0,R
1996,MISSOURI,MO,2158065,"CLINTON, BILL","DOLE, ROBERT",1025935,890016,1025935,890016,67960,D,,0.0,0.0,0.0,R
1996,MONTANA,MT,407083,"CLINTON, BILL","DOLE, ROBERT",167922,179652,179652,167922,5866,R,,0.0,0.0,0.0,R
1996,NEBRASKA,NE,677415,"CLINTON, BILL","DOLE, ROBERT",236761,363467,363467,236761,63354,R,,0.0,0.0,0.0,R
1996,NEVADA,NV,464279,"CLINTON, BILL","DOLE, ROBERT",203974,199244,203974,199244,2366,D,,0.0,0.0,0.0,R
1996,NEW HAMPSHIRE,NH,496597,"CLINTON, BILL","DOLE, ROBERT",246166,196486,246166,196486,24841,D,,0.0,0.0,0.0,R
1996,NEW JERSEY,NJ,3075860,"CLINTON, BILL","DOLE, ROBERT",1652361,1103099,1652361,1103099,274632,D,,0.0,0.0,0.0,R
1996,NEW MEXICO,NM,556074,"CLINTON, BILL","DOLE, ROBERT",273495,232751,273495,232751,20373,D,,0.0,0.0,0.0,R
1996,NEW YORK,NY,6439129,"CLINTON, BILL","DOLE, ROBERT",3649630,1738707,3649630,1738707,955462,D,,0.0,0.0,0.0,R
1996,NORTH CAROLINA,NC,2515807,"CLINTON, BILL","DOLE, ROBERT",1107849,1225938,1225938,1107849,59045,R,,0.0,0.0,0.0,R
1996,NORTH DAKOTA,ND,266411,"CLINTON, BILL","DOLE, ROBERT",106905,125050,125050,106905,9073,R,,0.0,0.0,0.0,R
1996,OHIO,OH,4534434,"CLINTON, BILL","DOLE, ROBERT",2148222,1859883,2148222,1859883,144170,D,,0.0,0.0,0.0,R
1996,OKLAHOMA,OK,1206713,"CLINTON, BILL","DOLE, ROBERT",488105,582315,582315,488105,47106,R,,0.0,0.0,0.0,R
1996,OREGON,OR,1377760,"CLINTON, BILL","DOLE, ROBERT",649641,538152,649641,538152,55745,D,,0.0,0.0,0.0,R
1996,PENNSYLVANIA,PA,4501307,"CLINTON, BILL","DOLE, ROBERT",2215819,1801169,2215819,1801169,207326,D,,0.0,0.0,0.0,R
1996,RHODE ISLAND,RI,390247,"CLINTON, BILL","DOLE, ROBERT",233050,104683,233050,104683,64184,D,,0.0,0.0,0.0,R
1996,SOUTH CAROLINA,SC,1150182,"CLINTON, BILL","DOLE, ROBERT",506152,573339,573339,506152,33594,R,,0.0,0.0,0.0,R
1996,SOUTH DAKOTA,SD,323826,"CLINTON, BILL","DOLE, ROBERT",139333,150543,150543,139333,5606,R,,0.0,0.0,0.0,R
1996,TENNESSEE,TN,1894105,"CLINTON, BILL","DOLE, ROBERT",909146,863530,909146,863530,22809,D,,0.0,0.0,0.0,R
1996,TEXAS,TX,5611644,"CLINTON, BILL","DOLE, ROBERT",2459683,2736167,2736167,2459683,138243,R,,0.0,0.0,0.0,R
1996,UTAH,UT,665629,"CLINTON, BILL","DOLE, ROBERT",221633,361911,361911,221633,70140,R,,0.0,0.0,0.0,R
1996,VERMONT,VT,258449,"CLINTON, BILL","DOLE, ROBERT",137894,80352,137894,80352,28772,D,,0.0,0.0,0.0,R
1996,VIRGINIA,VA,2416642,"CLINTON, BILL","DOLE, ROBERT",1091060,1138350,1138350,1091060,23646,R,,0.0,0.0,0.0,R
1996,WASHINGTON,WA,2253837,"CLINTON, BILL","DOLE, ROBERT",1123323,840712,1123323,840712,141306,D,,0.0,0.0,0.0,R
1996,WEST VIRGINIA,WV,636459,"CLINTON, BILL","DOLE, ROBERT",327812,233946,327812,233946,46934,D,,0.0,0.0,0.0,R
1996,WISCONSIN,WI,2196169,"CLINTON, BILL","DOLE, ROBERT",1071971,845029,1071971,845029,113472,D,,0.0,0.0,0.0,R
1996,WYOMING,WY,211571,"CLINTON, BILL","DOLE, ROBERT",77934,105388,105388,77934,13728,R,,0.0,0.0,0.0,R
2000,ALABAMA,AL,1666272,"GORE, AL","BUSH, GEORGE W.",692611,941173,941173,692611,124282,R,,0.0,0.0,0.0,R
2000,ALASKA,AK,285560,"GORE, AL","BUSH, GEORGE W.",79004,167398,167398,79004,44198,R,,0.0,0.0,0.0,R
2000,ARIZONA,AZ,1532016,"GORE, AL","BUSH, GEORGE W.",685341,781652,781652,685341,48156,R,,0.0,0.0,0.0,R
2000,ARKANSAS,AR,921781,"GORE, AL","BUSH, GEORGE W.",422768,472940,472940,422768,25087,R,,0.0,0.0,0.0,R
2000,CALIFORNIA,CA,10965822,"GORE, AL","BUSH, GEORGE W.",5861203,4567429,5861203,4567429,646888,D,,0.0,0.0,0.0,R
2000,COLORADO,CO,1741368,"GORE, AL","BUSH, GEORGE W.",738227,883748,883748,738227,72761,R,,0.0,0.0,0.0,R
2000,CONNECTICUT,CT,1459525,"GORE, AL","BUSH, GEORGE W.",816015,561094,816015,561094,127461,D,,0.0,0.0,0.0,R
2000,DELAWARE,DE,327529,"GORE, AL","BUSH, GEORGE W.",180068,137288,180068,137288,21391,D,,0.0,0.0,0.0,R
2000,DISTRICT OF COLUMBIA,DC,201894,"GORE, AL","BUSH, GEORGE W.",171923,18073,171923,18073,76926,D,,0.0,0.0,0.0,R
2000,FLORIDA,FL,5963110,"GORE, AL","BUSH, GEORGE W.",2912253,2912790,2912790,2912253,269,R,,0.0,0.0,0.0,R
2000,GEORGIA,GA,2583208,"GORE, AL","BUSH, GEORGE W.",1116230,1419720,1419720,1116230,151746,R,,0.0,0.0,0.0,R
2000,HAWAII,HI,367951,"GORE, AL","BUSH, GEORGE W.",205286,137845,205286,137845,33721,D,,0.0,0.0,0.0,R
2000,IDAHO,ID,501615,"GORE, AL","BUSH, GEORGE W.",138637,336937,336937,138637,99151,R,,0.0,0.0,0.0,R
2000,ILLINOIS,IL,4742108,"GORE, AL","BUSH, GEORGE W.",2589026,2019421,2589026,2019421,284803,D,,0.0,0.0,0.0,R
2000,INDIANA,IN,2199302,"GORE, AL","BUSH, GEORGE W.",901980,1245836,1245836,901980,171929,R,,0.0,0.0,0.0,R
2000,IOWA,IA,1353022,"GORE, AL","BUSH, GEORGE W.",638517,634373,638517,634373,2073,D,,0.0,0.0,0.0,R
2000,KANSAS,KS,1072216,"GORE, AL","BUSH, GEORGE W.",399276,622332,622332,399276,111529,R,,0.0,0.0,0.0,R
2000,KENTUCKY,KY,1544106,"GORE, AL","BUSH, GEORGE W.",638923,872520,872520,638923,116799,R,,0.0,0.0,0.0,R
2000,LOUISIANA,LA,1765656,"GORE, AL","BUSH, GEORGE W.",792344,927871,927871,792344,67764,R,,0.0,0.0,0.0,R
2000,MAINE,ME,651817,"GORE, AL","BUSH, GEORGE W.",319951,286616,319951,286616,16668,D,,0.0,0.0,0.0,R
2000,MARYLAND,MD,2025212,"GORE, AL","BUSH, GEORGE W.",1144008,813827,1144008,813827,165091,D,,0.0,0.0,0.0,R
2000,MASSACHUSETTS,MA,2733964,"GORE, AL","BUSH, GEORGE W.",1616487,878502,1616487,878502,368993,D,,0.0,0.0,0.0,R
2000,MICHIGAN,MI,4232501,"GORE, AL","BUSH, GEORGE W.",2170418,1953139,2170418,1953139,108640,D,,0.0,0.0,0.0,R
2000,MINNESOTA,MN,2438685,"GORE, AL","BUSH, GEORGE W.",1168266,1109659,1168266,1109659,29304,D,,0.0,0.0,0.0,R
2000,MISSISSIPPI,MS,994184,"GORE, AL","BUSH, GEORGE W.",404614,572844,572844,404614,84116,R,,0.0,0.0,0.0,R
2000,MISSOURI,MO,2359892,"GORE, AL","BUSH, GEORGE W.",1111138,1189924,1189924,1111138,39394,R,,0.0,0.0,0.0,R
2000,MONTANA,MT,410986,"GORE, AL","BUSH, GEORGE W.",137126,240178,240178,137126,51527,R,,0.0,0.0,0.0,R
2000,NEBRASKA,NE,697019,"GORE, AL","BUSH, GEORGE W.",231780,433862,433862,231780,101042,R,,0.0,0.0,0.0,R
2000,NEVADA,NV,609426,"GORE, AL","BUSH, GEORGE W.",279978,301575,301575,279978,10799,R,,0.0,0.0,0.0,R
2000,NEW HAMPSHIRE,NH,569081,"GORE, AL","BUSH, GEORGE W.",266348,273559,273559,266348,3606,R,,0.0,0.0,0.0,R
2000,NEW JERSEY,NJ,3187226,"GORE, AL","BUSH, GEORGE W.",1788850,1284173,1788850,1284173,252339,D,,0.0,0.0,0.0,R
2000,NEW MEXICO,NM,598605,"GORE, AL","BUSH, GEORGE W.",286783,286417,286783,286417,184,D,,0.0,0.0,0.0,R
2000,NEW YORK,NY,6960215,"GORE, AL","BUSH, GEORGE W.",3942215,2258577,3942215,2258577,841820,D,,0.0,0.0,0.0,R
2000,NORTH CAROLINA,NC,2914990,"GORE, AL","BUSH, GEORGE W.",1257692,1631163,1631163,1257692,186736,R,,0.0,0.0,0.0,R
2000,NORTH DAKOTA,ND,288256,"GORE, AL","BUSH, GEORGE W.",95284,174852,174852,95284,39785,R,,0.0,0.0,0.0,R
2000,OHIO,OH,4701998,"GORE, AL","BUSH, GEORGE W.",2183628,2350363,2350363,2183628,83368,R,,0.0,0.0,0.0,R
2000,OKLAHOMA,OK,1234229,"GORE, AL","BUSH, GEORGE W.",474276,744337,744337,474276,135031,R,,0.0,0.0,0.0,R
2000,OREGON,OR,1533950,"GORE, AL","BUSH, GEORGE W.",720342,713577,720342,713577,3383,D,,0.0,0.0,0.0,R
2000,PENNSYLVANIA,PA,4912185,"GORE, AL","BUSH, GEORGE W.",2485967,2281127,2485967,2281127,102421,D,,0.0,0.0,0.0,R
2000,RHODE ISLAND,RI,409112,"GORE, AL","BUSH, GEORGE W.",249508,130555,249508,130555,59477,D,,0.0,0.0,0.0,R
2000,SOUTH CAROLINA,SC,1383902,"GORE, AL","BUSH, GEORGE W.",566037,786892,786892,566037,110428,R,,0.0,0.0,0.0,R
2000,SOUTH DAKOTA,SD,316269,"GORE, AL","BUSH, GEORGE W.",118804,190700,190700,118804,35949,R,,0.0,0.0,0.0,R
2000,TENNESSEE,TN,2076181,"GORE, AL","BUSH, GEORGE W.",981720,1061949,1061949,981720,40115,R,,0.0,0.0,0.0,R
2000,TEXAS,TX,6407637,"GORE, AL","BUSH, GEORGE W.",2433746,3799639,3799639,2433746,682947,R,,0.0,0.0,0.0,R
2000,UTAH,UT,770754,"GORE, AL","BUSH, GEORGE W.",203053,515096,515096,203053,156022,R,,0.0,0.0,0.0,R
2000,VERMONT,VT,294308,"GORE, AL","BUSH, GEORGE W.",149022,119775,149022,119775,14624,D,,0.0,0.0,0.0,R
2000,VIRGINIA,VA,2739447,"GORE, AL","BUSH, GEORGE W.",1217290,1437490,1437490,1217290,110101,R,,0.0,0.0,0.0,R
2000,WASHINGTON,WA,2487433,"GORE, AL","BUSH, GEORGE W.",1247652,1108864,1247652,1108864,69395,D,,0.0,0.0,0.0,R
2000,WEST VIRGINIA,WV,648124,"GORE, AL","BUSH, GEORGE W.",295497,336475,336475,295497,20490,R,,0.0,0.0,0.0,R
2000,WISCONSIN,WI,2598607,"GORE, AL","BUSH, GEORGE W.",1242987,1237279,1242987,1237279,2855,D,,0.0,0.0,0.0,R
2000,WYOMING,WY,213726,"GORE, AL","BUSH, GEORGE W.",60481,147947,147947,60481,43734,R,,0.0,0.0,0.0,R
2004,ALABAMA,AL,1883415,"KERRY, JOHN","BUSH, GEORGE W.",693933,1176394,1176394,693933,241231,R,,0.0,0.0,0.0,R
2004,ALASKA,AK,312598,"KERRY, JOHN","BUSH, GEORGE W.",111025,190889,190889,111025,39933,R,,0.0,0.0,0.0,R
2004,ARIZONA,AZ,2012585,"KERRY, JOHN","BUSH, GEORGE W.",893524,1104294,1104294,893524,105386,R,,0.0,0.0,0.0,R
2004,ARKANSAS,AR,1054945,"KERRY, JOHN","BUSH, GEORGE W.",469953,572898,572898,469953,51473,R,,0.0,0.0,0.0,R
2004,CALIFORNIA,CA,12421353,"KERRY, JOHN","BUSH, GEORGE W.",6745485,5509826,6745485,5509826,617830,D,,0.0,0.0,0.0,R
2004,COLORADO,CO,2129630,"KERRY, JOHN","BUSH, GEORGE W.",1001732,1101255,1101255,1001732,49762,R,,0.0,0.0,0.0,R
2004,CONNECTICUT,CT,1578769,"KERRY, JOHN","BUSH, GEORGE W.",857488,693826,857488,693826,81832,D,,0.0,0.0,0.0,R
2004,DELAWARE,DE,375190,"KERRY, JOHN","BUSH, GEORGE W.",200152,171660,200152,171660,14247,D,,0.0,0.0,0.0,R
2004,DISTRICT OF COLUMBIA,DC,227586,"KERRY, JOHN","BUSH, GEORGE W.",202970,21256,202970,21256,90858,D,,0.0,0.0,0.0,R
2004,FLORIDA,FL,7609810,"KERRY, JOHN","BUSH, GEORGE W.",3583544,3964522,3964522,3583544,190490,R,,0.0,0.0,0.0,R
2004,GEORGIA,GA,3301875,"KERRY, JOHN","BUSH, GEORGE W.",1366149,1914254,1914254,1366149,274053,R,,0.0,0.0,0.0,R
2004,HAWAII,HI,429013,"KERRY, JOHN","BUSH, GEORGE W.",231708,194191,231708,194191,18759,D,,0.0,0.0,0.0,R
2004,IDAHO,ID,598376,"KERRY, JOHN","BUSH, GEORGE W.",181098,409235,409235,181098,114069,R,,0.0,0.0,0.0,R
2004,ILLINOIS,IL,5274322,"KERRY, JOHN","BUSH, GEORGE W.",2891550,2345946,2891550,2345946,272803,D,,0.0,0.0,0.0,R
2004,INDIANA,IN,2468002,"KERRY, JOHN","BUSH, GEORGE W.",969011,1479438,1479438,969011,255214,R,,0.0,0.0,0.0,R
2004,IOWA,IA,1506908,"KERRY, JOHN","BUSH, GEORGE W.",741898,751957,751957,741898,5030,R,,0.0,0.0,0.0,R
2004,KANSAS,KS,1187756,"KERRY, JOHN","BUSH, GEORGE W.",434993,736456,736456,434993,150732,R,,0.0,0.0,0.0,R
2004,KENTUCKY,KY,1795882,"KERRY, JOHN","BUSH, GEORGE W.",712733,1069439,1069439,712733,178354,R,,0.0,0.0,0.0,R
2004,LOUISIANA,LA,1943106,"KERRY, JOHN","BUSH, GEORGE W.",820299,1102169,1102169,820299,140936,R,,0.0,0.0,0.0,R
2004,MAINE,ME,740752,"KERRY, JOHN","BUSH, GEORGE W.",396842,330201,396842,330201,33321,D,,0.0,0.0,0.0,R
2004,MARYLAND,MD,2384238,"KERRY, JOHN","BUSH, GEORGE W.",1334493,1024703,1334493,1024703,154896,D,,0.0,0.0,0.0,R
2004,MASSACHUSETTS,MA,2927455,"KERRY, JOHN","BUSH, GEORGE W.",1803800,1071109,1803800,1071109,366346,D,,0.0,0.0,0.0,R
2004,MICHIGAN,MI,4839252,"KERRY, JOHN","BUSH, GEORGE W.",2479183,2313746,2479183,2313746,82719,D,,0.0,0.0,0.0,R
2004,MINNESOTA,MN,2828387,"KERRY, JOHN","BUSH, GEORGE W.",1445014,1346695,1445014,1346695,49160,D,,0.0,0.0,0.0,R
2004,MISSISSIPPI,MS,1139824,"KERRY, JOHN","BUSH, GEORGE W.",457766,672660,672660,457766,107448,R,,0.0,0.0,0.0,R
2004,MISSOURI,MO,2731364,"KERRY, JOHN","BUSH, GEORGE W.",1259171,1455713,1455713,1259171,98272,R,,0.0,0.0,0.0,R
2004,MONTANA,MT,450434,"KERRY, JOHN","BUSH, GEORGE W.",173710,266063,266063,173710,46177,R,,0.0,0.0,0.0,R
2004,NEBRASKA,NE,778186,"KERRY, JOHN","BUSH, GEORGE W.",254328,512814,512814,254328,129244,R,,0.0,0.0,0.0,R
2004,NEVADA,NV,829587,"KERRY, JOHN","BUSH, GEORGE W.",397190,418690,418690,397190,10751,R,,0.0,0.0,0.0,R
2004,NEW HAMPSHIRE,NH,678287,"KERRY, JOHN","BUSH, GEORGE W.",340511,331237,340511,331237,4638,D,,0.0,0.0,0.0,R
2004,NEW JERSEY,NJ,3611691,"KERRY, JOHN","BUSH, GEORGE W.",1911430,1670003,1911430,1670003,120714,D,,0.0,0.0,0.0,R
2004,NEW MEXICO,NM,756304,"KERRY, JOHN","BUSH, GEORGE W.",370942,376930,376930,370942,2995,R,,0.0,0.0,0.0,R
2004,NEW YORK,NY,7448266,"KERRY, JOHN","BUSH, GEORGE W.",4180755,2806993,4180755,2806993,686882,D,,0.0,0.0,0.0,R
2004,NORTH CAROLINA,NC,3501007,"KERRY, JOHN","BUSH, GEORGE W.",1525849,1961166,1961166,1525849,217659,R,,0.0,0.0,0.0,R
2004,NORTH DAKOTA,ND,312833,"KERRY, JOHN","BUSH, GEORGE W.",111052,196651,196651,111052,42800,R,,0.0,0.0,0.0,R
2004,OHIO,OH,5627903,"KERRY, JOHN","BUSH, GEORGE W.",2741165,2859764,2859764,2741165,59300,R,,0.0,0.0,0.0,R
2004,OKLAHOMA,OK,1463758,"KERRY, JOHN","BUSH, GEORGE W.",503966,959792,959792,503966,227914,R,,0.0,0.0,0.0,R
2004,OREGON,OR,1836782,"KERRY, JOHN","BUSH, GEORGE W.",943163,866831,943163,866831,38167,D,,0.0,0.0,0.0,R
2004,PENNSYLVANIA,PA,5769590,"KERRY, JOHN","BUSH, GEORGE W.",2938095,2793847,2938095,2793847,72125,D,,0.0,0.0,0.0,R
2004,RHODE ISLAND,RI,437134,"KERRY, JOHN","BUSH, GEORGE W.",259760,169046,259760,169046,45358,D,,0.0,0.0,0.0,R
2004,SOUTH CAROLINA,SC,1617700,"KERRY, JOHN","BUSH, GEORGE W.",661669,937974,937974,661669,138153,R,,0.0,0.0,0.0,R
2004,SOUTH DAKOTA,SD,388215,"KERRY, JOHN","BUSH, GEORGE W.",149244,232584,232584,149244,41671,R,,0.0,0.0,0.0,R
2004,TENNESSEE,TN,2437319,"KERRY, JOHN","BUSH, GEORGE W.",1036477,1384375,1384375,1036477,173950,R,,0.0,0.0,0.0,R
2004,TEXAS,TX,7410749,"KERRY, JOHN","BUSH, GEORGE W.",2832704,4526917,4526917,2832704,847107,R,,0.0,0.0,0.0,R
2004,UTAH,UT,927844,"KERRY, JOHN","BUSH, GEORGE W.",241199,663742,663742,241199,211272,R,,0.0,0.0,0.0,R
2004,VERMONT,VT,312309,"KERRY, JOHN","BUSH, GEORGE W.",184067,121180,184067,121180,31444,D,,0.0,0.0,0.0,R
2004,VIRGINIA,VA,3195415,"KERRY, JOHN","BUSH, GEORGE W.",1454742,1716959,1716959,1454742,131109,R,,0.0,0.0,0.0,R
2004,WASHINGTON,WA,2859084,"KERRY, JOHN","BUSH, GEORGE W.",1510201,1304894,1510201,1304894,102654,D,,0.0,0.0,0.0,R
2004,WEST VIRGINIA,WV,755792,"KERRY, JOHN","BUSH, GEORGE W.",326541,423778,423778,326541,48619,R,,0.0,0.0,0.0,R
2004,WISCONSIN,WI,2997007,"KERRY, JOHN","BUSH, GEORGE W.",1489504,1478120,1489504,1478120,5693,D,,0.0,0.0,0.0,R
2004,WYOMING,WY,243861,"KERRY, JOHN","BUSH, GEORGE W.",70776,167629,167629,70776,48427,R,,0.0,0.0,0.0,R
2008,ALABAMA,AL,2099819,"OBAMA, BARACK H.","MCCAIN, JOHN",813479,1266546,1266546,813479,226534,R,,0.0,0.0,0.0,R
2008,ALASKA,AK,326197,"OBAMA, BARACK H.","MCCAIN, JOHN",123594,193841,193841,123594,35124,R,,0.0,0.0,0.0,R
2008,ARIZONA,AZ,2293475,"OBAMA, BARACK H.","MCCAIN, JOHN",1034707,1230111,1230111,1034707,97703,R,,0.0,0.0,0.0,R
2008,ARKANSAS,AR,1086617,"OBAMA, BARACK H.","MCCAIN, JOHN",422310,638017,638017,422310,107854,R,,0.0,0.0,0.0,R
2008,CALIFORNIA,CA,13561900,"OBAMA, BARACK H.","MCCAIN, JOHN",8274473,5011781,8274473,5011781,1631347,D,,0.0,0.0,0.0,R
2008,COLORADO,CO,2401361,"OBAMA, BARACK H.","MCCAIN, JOHN",1288576,1073589,1288576,1073589,107494,D,,0.0,0.0,0.0,R
2008,CONNECTICUT,CT,1646792,"OBAMA, BARACK H.","MCCAIN, JOHN",997772,629428,997772,629428,184173,D,,0.0,0.0,0.0,R
2008,DELAWARE,DE,412412,"OBAMA, BARACK H.","MCCAIN, JOHN",255459,152374,255459,152374,51543,D,,0.0,0.0,0.0,R
2008,DISTRICT OF COLUMBIA,DC,265853,"OBAMA, BARACK H.","MCCAIN, JOHN",245800,17367,245800,17367,114217,D,,0.0,0.0,0.0,R
2008,FLORIDA,FL,8390744,"OBAMA, BARACK H.","MCCAIN, JOHN",4282074,4045624,4282074,4045624,118226,D,,0.0,0.0,0.0,R
2008,GEORGIA,GA,3924486,"OBAMA, BARACK H.","MCCAIN, JOHN",1844123,2048759,2048759,1844123,102319,R,,0.0,0.0,0.0,R
2008,HAWAII,HI,456064,"OBAMA, BARACK H.","MCCAIN, JOHN",325871,120566,325871,120566,102653,D,,0.0,0.0,0.0,R
2008,IDAHO,ID,655122,"OBAMA, BARACK H.","MCCAIN, JOHN",236440,403012,403012,236440,83287,R,,0.0,0.0,0.0,R
2008,ILLINOIS,IL,5522371,"OBAMA, BARACK H.","MCCAIN, JOHN",3419348,2031179,3419348,2031179,694085,D,,0.0,0.0,0.0,R
2008,INDIANA,IN,2751054,"OBAMA, BARACK H.","MCCAIN, JOHN",1374039,1345648,1374039,1345648,14196,D,,0.0,0.0,0.0,R
2008,IOWA,IA,1537123,"OBAMA, BARACK H.","MCCAIN, JOHN",828940,682379,828940,682379,73281,D,,0.0,0.0,0.0,R
2008,KANSAS,KS,1235872,"OBAMA, BARACK H.","MCCAIN, JOHN",514765,699655,699655,514765,92446,R,,0.0,0.0,0.0,R
2008,KENTUCKY,KY,1826620,"OBAMA, BARACK H.","MCCAIN, JOHN",751985,1048462,1048462,751985,148239,R,,0.0,0.0,0.0,R
2008,LOUISIANA,LA,1960761,"OBAMA, BARACK H.","MCCAIN, JOHN",782989,1148275,1148275,782989,182644,R,,0.0,0.0,0.0,R
2008,MAINE,ME,731163,"OBAMA, BARACK H.","MCCAIN, JOHN",421923,295273,421923,295273,63326,D,,0.0,0.0,0.0,R
2008,MARYLAND,MD,2631596,"OBAMA, BARACK H.","MCCAIN, JOHN",1629467,959862,1629467,959862,334803,D,,0.0,0.0,0.0,R
2008,MASSACHUSETTS,MA,3102995,"OBAMA, BARACK H.","MCCAIN, JOHN",1904097,1108854,1904097,1108854,397622,D,,0.0,0.0,0.0,R
2008,MICHIGAN,MI,5001596,"OBAMA, BARACK H.","MCCAIN, JOHN",2872579,2048639,2872579,2048639,411971,D,,0.0,0.0,0.0,R
2008,MINNESOTA,MN,2910369,"OBAMA, BARACK H.","MCCAIN, JOHN",1573354,1275409,1573354,1275409,148973,D,,0.0,0.0,0.0,R
2008,MISSISSIPPI,MS,1289865,"OBAMA, BARACK H.","MCCAIN, JOHN",554662,724597,724597,554662,84968,R,,0.0,0.0,0.0,R
2008,MISSOURI,MO,2925205,"OBAMA, BARACK H.","MCCAIN, JOHN",1441911,1445814,1445814,1441911,1952,R,,0.0,0.0,0.0,R
2008,MONTANA,MT,490109,"OBAMA, BARACK H.","MCCAIN, JOHN",231667,242763,242763,231667,5549,R,,0.0,0.0,0.0,R
2008,NEBRASKA,NE,801281,"OBAMA, BARACK H.","MCCAIN, JOHN",333319,452979,452979,333319,59831,R,,0.0,0.0,0.0,R
2008,NEVADA,NV,967848,"OBAMA, BARACK H.","MCCAIN, JOHN",533736,412827,533736,412827,60455,D,,0.0,0.0,0.0,R
2008,NEW HAMPSHIRE,NH,710970,"OBAMA, BARACK H.","MCCAIN, JOHN",384826,316534,384826,316534,34147,D,,0.0,0.0,0.0,R
2008,NEW JERSEY,NJ,3868237,"OBAMA, BARACK H.","MCCAIN, JOHN",2215422,1613207,2215422,1613207,301108,D,,0.0,0.0,0.0,R
2008,NEW MEXICO,NM,830158,"OBAMA, BARACK H.","MCCAIN, JOHN",472422,346832,472422,346832,62796,D,,0.0,0.0,0.0,R
2008,NEW YORK,NY,7722019,"OBAMA, BARACK H.","MCCAIN, JOHN",4645332,2418323,4645332,2418323,1113505,D,,0.0,0.0,0.0,R
2008,NORTH CAROLINA,NC,4310851,"OBAMA, BARACK H.","MCCAIN, JOHN",2142651,2128474,2142651,2128474,7089,D,,0.0,0.0,0.0,R
2008,NORTH DAKOTA,ND,316621,"OBAMA, BARACK H.","MCCAIN, JOHN",141278,168601,168601,141278,13662,R,,0.0,0.0,0.0,R
2008,OHIO,OH,5708350,"OBAMA, BARACK H.","MCCAIN, JOHN",2940044,2677820,2940044,2677820,131113,D,,0.0,0.0,0.0,R
2008,OKLAHOMA,OK,1462661,"OBAMA, BARACK H.","MCCAIN, JOHN",502496,960165,960165,502496,228835,R,,0.0,0.0,0.0,R
2008,OREGON,OR,1827864,"OBAMA, BARACK H.","MCCAIN, JOHN",1037291,738475,1037291,738475,149409,D,,0.0,0.0,0.0,R
2008,PENNSYLVANIA,PA,6013272,"OBAMA, BARACK H.","MCCAIN, JOHN",3276363,2655885,3276363,2655885,310240,D,,0.0,0.0,0.0,R
2008,RHODE ISLAND,RI,471766,"OBAMA, BARACK H.","MCCAIN, JOHN",296571,165391,296571,165391,65591,D,,0.0,0.0,0.0,R
2008,SOUTH CAROLINA,SC,1920969,"OBAMA, BARACK H.","MCCAIN, JOHN",862449,1034896,1034896,862449,86224,R,,0.0,0.0,0.0,R
2008,SOUTH DAKOTA,SD,381975,"OBAMA, BARACK H.","MCCAIN, JOHN",170924,203054,203054,170924,16066,R,,0.0,0.0,0.0,R
2008,TENNESSEE,TN,2599749,"OBAMA, BARACK H.","MCCAIN, JOHN",1087437,1479178,1479178,1087437,195871,R,,0.0,0.0,0.0,R
2008,TEXAS,TX,8077795,"OBAMA, BARACK H.","MCCAIN, JOHN",3528633,4479328,4479328,3528633,475348,R,,0.0,0.0,0.0,R
2008,UTAH,UT,952370,"OBAMA, BARACK H.","MCCAIN, JOHN",327670,596030,596030,327670,134181,R,,0.0,0.0,0.0,R
2008,VERMONT,VT,325046,"OBAMA, BARACK H.","MCCAIN, JOHN",219262,98974,219262,98974,60145,D,,0.0,0.0,0.0,R
2008,VIRGINIA,VA,3723260,"OBAMA, BARACK H.","MCCAIN, JOHN",1959532,1725005,1959532,1725005,117264,D,,0.0,0.0,0.0,R
2008,WASHINGTON,WA,3036878,"OBAMA, BARACK H.","MCCAIN, JOHN",1750848,1229216,1750848,1229216,260817,D,,0.0,0.0,0.0,R
2008,WEST VIRGINIA,WV,713451,"OBAMA, BARACK H.","MCCAIN, JOHN",303857,397466,397466,303857,46805,R,,0.0,0.0,0.0,R
2008,WISCONSIN,WI,2983417,"OBAMA, BARACK H.","MCCAIN, JOHN",1677211,1262393,1677211,1262393,207410,D,,0.0,0.0,0.0,R
2008,WYOMING,WY,254904,"OBAMA, BARACK H.","MCCAIN, JOHN",82868,164958,164958,82868,41046,R,,0.0,0.0,0.0,R
2012,ALABAMA,AL,2074338,"OBAMA, BARACK H.","ROMNEY, MITT",795696,1255925,1255925,795696,230115,R,,0.0,0.0,0.0,R
2012,ALASKA,AK,300495,"OBAMA, BARACK H.","ROMNEY, MITT",122640,164676,164676,122640,21019,R,,0.0,0.0,0.0,R
2012,ARIZONA,AZ,2299254,"OBAMA, BARACK H.","ROMNEY, MITT",1025232,1233654,1233654,1025232,104212,R,,0.0,0.0,0.0,R
2012,ARKANSAS,AR,1069468,"OBAMA, BARACK H.","ROMNEY, MITT",394409,647744,647744,394409,126668,R,,0.0,0.0,0.0,R
2012,CALIFORNIA,CA,13038547,"OBAMA, BARACK H.","ROMNEY, MITT",7854285,4839958,7854285,4839958,1507164,D,,0.0,0.0,0.0,R
2012,COLORADO,CO,2569516,"OBAMA, BARACK H.","ROMNEY, MITT",1323101,1185243,1323101,1185243,68930,D,,0.0,0.0,0.0,R
2012,CONNECTICUT,CT,1558204,"OBAMA, BARACK H.","ROMNEY, MITT",905083,634892,905083,634892,135096,D,,0.0,0.0,0.0,R
2012,DELAWARE,DE,413890,"OBAMA, BARACK H.","ROMNEY, MITT",242584,165484,242584,165484,38551,D,,0.0,0.0,0.0,R
2012,DISTRICT OF COLUMBIA,DC,293764,"OBAMA, BARACK H.","ROMNEY, MITT",267070,21381,267070,21381,122845,D,,0.0,0.0,0.0,R
2012,FLORIDA,FL,8474179,"OBAMA, BARACK H.","ROMNEY, MITT",4237756,4163447,4237756,4163447,37155,D,,0.0,0.0,0.0,R
2012,GEORGIA,GA,3897839,"OBAMA, BARACK H.","ROMNEY, MITT",1773827,2078688,2078688,1773827,152431,R,,0.0,0.0,0.0,R
2012,HAWAII,HI,437159,"OBAMA, BARACK H.","ROMNEY, MITT",306658,121015,306658,121015,92822,D,,0.0,0.0,0.0,R
2012,IDAHO,ID,652274,"OBAMA, BARACK H.","ROMNEY, MITT",212787,420911,420911,212787,104063,R,,0.0,0.0,0.0,R
2012,ILLINOIS,IL,5242014,"OBAMA, BARACK H.","ROMNEY, MITT",3019512,2135216,3019512,2135216,442149,D,,0.0,0.0,0.0,R
2012,INDIANA,IN,2624534,"OBAMA, BARACK H.","ROMNEY, MITT",1152887,1420543,1420543,1152887,133829,R,,0.0,0.0,0.0,R
2012,IOWA,IA,1582180,"OBAMA, BARACK H.","ROMNEY, MITT",822544,730617,822544,730617,45964,D,,0.0,0.0,0.0,R
2012,KANSAS,KS,1159971,"OBAMA, BARACK H.","ROMNEY, MITT",440726,692634,692634,440726,125955,R,,0.0,0.0,0.0,R
2012,KENTUCKY,KY,1797212,"OBAMA, BARACK H.","ROMNEY, MITT",679370,1087190,1087190,679370,203911,R,,0.0,0.0,0.0,R
2012,LOUISIANA,LA,1994065,"OBAMA, BARACK H.","ROMNEY, MITT",809141,1152262,1152262,809141,171561,R,,0.0,0.0,0.0,R
2012,MAINE,ME,724758,"OBAMA, BARACK H.","ROMNEY, MITT",401306,292276,401306,292276,54516,D,,0.0,0.0,0.0,R
2012,MARYLAND,MD,2707327,"OBAMA, BARACK H.","ROMNEY, MITT",1677844,971869,1677844,971869,352988,D,,0.0,0.0,0.0,R
2012,MASSACHUSETTS,MA,3184196,"OBAMA, BARACK H.","ROMNEY, MITT",1921290,1188314,1921290,1188314,366489,D,,0.0,0.0,0.0,R
2012,MICHIGAN,MI,4730961,"OBAMA, BARACK H.","ROMNEY, MITT",2564569,2115256,2564569,2115256,224657,D,,0.0,0.0,0.0,R
2012,MINNESOTA,MN,2936561,"OBAMA, BARACK H.","ROMNEY, MITT",1546167,1320225,1546167,1320225,112972,D,,0.0,0.0,0.0,R
2012,MISSISSIPPI,MS,1285584,"OBAMA, BARACK H.","ROMNEY, MITT",562949,710746,710746,562949,73899,R,,0.0,0.0,0.0,R
2012,MISSOURI,MO,2757323,"OBAMA, BARACK H.","ROMNEY, MITT",1223796,1482440,1482440,1223796,129323,R,,0.0,0.0,0.0,R
2012,MONTANA,MT,484048,"OBAMA, BARACK H.","ROMNEY, MITT",201839,267928,267928,201839,33045,R,,0.0,0.0,0.0,R
2012,NEBRASKA,NE,794379,"OBAMA, BARACK H.","ROMNEY, MITT",302081,475064,475064,302081,86492,R,,0.0,0.0,0.0,R
2012,NEVADA,NV,1014918,"OBAMA, BARACK H.","ROMNEY, MITT",531373,463567,531373,463567,33904,D,,0.0,0.0,0.0,R
2012,NEW HAMPSHIRE,NH,710972,"OBAMA, BARACK H.","ROMNEY, MITT",369561,329918,369561,329918,19822,D,,0.0,0.0,0.0,R
2012,NEW JERSEY,NJ,3638499,"OBAMA, BARACK H.","ROMNEY, MITT",2122786,1478088,2122786,1478088,322350,D,,0.0,0.0,0.0,R
2012,NEW MEXICO,NM,783758,"OBAMA, BARACK H.","ROMNEY, MITT",415335,335788,415335,335788,39774,D,,0.0,0.0,0.0,R
2012,NEW YORK,NY,7116784,"OBAMA, BARACK H.","ROMNEY, MITT",4324228,2223397,4324228,2223397,1050416,D,,0.0,0.0,0.0,R
2012,NORTH CAROLINA,NC,4505372,"OBAMA, BARACK H.","ROMNEY, MITT",2178391,2270395,2270395,2178391,46003,R,,0.0,0.0,0.0,R
2012,NORTH DAKOTA,ND,322932,"OBAMA, BARACK H.","ROMNEY, MITT",124966,188320,188320,124966,31678,R,,0.0,0.0,0.0,R
2012,OHIO,OH,5580822,"OBAMA, BARACK H.","ROMNEY, MITT",2827621,2661407,2827621,2661407,83108,D,,0.0,0.0,0.0,R
2012,OKLAHOMA,OK,1334872,"OBAMA, BARACK H.","ROMNEY, MITT",443547,891325,891325,443547,223890,R,,0.0,0.0,0.0,R
2012,OREGON,OR,1789270,"OBAMA, BARACK H.","ROMNEY, MITT",970488,754175,970488,754175,108157,D,,0.0,0.0,0.0,R
2012,PENNSYLVANIA,PA,5742040,"OBAMA, BARACK H.","ROMNEY, MITT",2990274,2680434,2990274,2680434,154921,D,,0.0,0.0,0.0,R
2012,RHODE ISLAND,RI,446049,"OBAMA, BARACK H.","ROMNEY, MITT",279677,157204,279677,157204,61237,D,,0.0,0.0,0.0,R
2012,SOUTH CAROLINA,SC,1964118,"OBAMA, BARACK H.","ROMNEY, MITT",865941,1071645,1071645,865941,102853,R,,0.0,0.0,0.0,R
2012,SOUTH DAKOTA,SD,363815,"OBAMA, BARACK H.","ROMNEY, MITT",145039,210610,210610,145039,32786,R,,0.0,0.0,0.0,R
2012,TENNESSEE,TN,2458577,"OBAMA, BARACK H.","ROMNEY, MITT",960709,1462330,1462330,960709,250811,R,,0.0,0.0,0.0,R
2012,TEXAS,TX,7993851,"OBAMA, BARACK H.","ROMNEY, MITT",3308124,4569843,4569843,3308124,630860,R,,0.0,0.0,0.0,R
2012,UTAH,UT,1017440,"OBAMA, BARACK H.","ROMNEY, MITT",251813,740600,740600,251813,244394,R,,0.0,0.0,0.0,R
2012,VERMONT,VT,299290,"OBAMA, BARACK H.","ROMNEY, MITT",199239,92698,199239,92698,53271,D,,0.0,0.0,0.0,R
2012,VIRGINIA,VA,3854489,"OBAMA, BARACK H.","ROMNEY, MITT",1971820,1822522,1971820,1822522,74650,D,,0.0,0.0,0.0,R
2012,WASHINGTON,WA,3125516,"OBAMA, BARACK H.","ROMNEY, MITT",1755396,1290670,1755396,1290670,232364,D,,0.0,0.0,0.0,R
2012,WEST VIRGINIA,WV,670438,"OBAMA, BARACK H.","ROMNEY, MITT",238269,417655,417655,238269,89694,R,,0.0,0.0,0.0,R
2012,WISCONSIN,WI,3071434,"OBAMA, BARACK H.","ROMNEY, MITT",1620985,1410966,1620985,1410966,105010,D,,0.0,0.0,0.0,R
2012,WYOMING,WY,250701,"OBAMA, BARACK H.","ROMNEY, MITT",69286,170962,170962,69286,50839,R,,0.0,0.0,0.0,R
2016,ALABAMA,AL,2123372,"CLINTON, HILLARY","TRUMP, DONALD J.",729547,1318255,1318255,729547,294355,R,,0.0,0.0,0.0,R
2016,ALASKA,AK,318608,"CLINTON, HILLARY","TRUMP, DONALD J.",116454,163387,163387,116454,23467,R,,0.0,0.0,0.0,R
2016,ARIZONA,AZ,2573165,"CLINTON, HILLARY","TRUMP, DONALD J.",1161167,1252401,1252401,1161167,45618,R,,0.0,0.0,0.0,R
2016,ARKANSAS,AR,1130635,"CLINTON, HILLARY","TRUMP, DONALD J.",380494,684872,684872,380494,152190,R,,0.0,0.0,0.0,R
2016,CALIFORNIA,CA,14181595,"CLINTON, HILLARY","TRUMP, DONALD J.",8753788,4483810,8753788,4483810,2134990,D,,0.0,0.0,0.0,R
2016,COLORADO,CO,2780220,"CLINTON, HILLARY","TRUMP, DONALD J.",1338870,1202484,1338870,1202484,68194,D,,0.0,0.0,0.0,R
2016,CONNECTICUT,CT,1644920,"CLINTON, HILLARY","TRUMP, DONALD J.",897572,673215,897572,673215,112179,D,,0.0,0.0,0.0,R
2016,DELAWARE,DE,441590,"CLINTON, HILLARY","TRUMP, DONALD J.",235603,185127,235603,185127,25239,D,,0.0,0.0,0.0,R
2016,DISTRICT OF COLUMBIA,DC,312575,"CLINTON, HILLARY","TRUMP, DONALD J.",282830,12723,282830,12723,135054,D,,0.0,0.0,0.0,R
2016,FLORIDA,FL,9420039,"CLINTON, HILLARY","TRUMP, DONALD J.",4504975,4617886,4617886,4504975,56456,R,,0.0,0.0,0.0,R
2016,GEORGIA,GA,4114732,"CLINTON, HILLARY","TRUMP, DONALD J.",1877963,2089104,2089104,1877963,105571,R,,0.0,0.0,0.0,R
2016,HAWAII,HI,437664,"CLINTON, HILLARY","TRUMP, DONALD J.",266891,128847,266891,128847,69023,D,,0.0,0.0,0.0,R
2016,IDAHO,ID,690255,"CLINTON, HILLARY","TRUMP, DONALD J.",189765,409055,409055,189765,109646,R,,0.0,0.0,0.0,R
2016,ILLINOIS,IL,5536424,"CLINTON, HILLARY","TRUMP, DONALD J.",3090729,2146015,3090729,2146015,472358,D,,0.0,0.0,0.0,R
2016,INDIANA,IN,2734958,"CLINTON, HILLARY","TRUMP, DONALD J.",1033126,1557286,1557286,1033126,262081,R,,0.0,0.0,0.0,R
2016,IOWA,IA,1565580,"CLINTON, HILLARY","TRUMP, DONALD J.",653669,800983,800983,653669,73658,R,,0.0,0.0,0.0,R
2016,KANSAS,KS,1184402,"CLINTON, HILLARY","TRUMP, DONALD J.",427005,671018,671018,427005,122007,R,,0.0,0.0,0.0,R
2016,KENTUCKY,KY,1924149,"CLINTON, HILLARY","TRUMP, DONALD J.",628854,1202971,1202971,628854,287059,R,,0.0,0.0,0.0,R
2016,LOUISIANA,LA,2029032,"CLINTON, HILLARY","TRUMP, DONALD J.",780154,1178638,1178638,780154,199243,R,,0.0,0.0,0.0,R
2016,MAINE,ME,771892,"CLINTON, HILLARY","TRUMP, DONALD J.",357735,335593,357735,335593,11072,D,,0.0,0.0,0.0,R
2016,MARYLAND,MD,2781446,"CLINTON, HILLARY","TRUMP, DONALD J.",1677928,943169,1677928,943169,367380,D,,0.0,0.0,0.0,R
2016,MASSACHUSETTS,MA,3378821,"CLINTON, HILLARY","TRUMP, DONALD J.",1995196,1090893,1995196,1090893,452152,D,,0.0,0.0,0.0,R
2016,MICHIGAN,MI,4799284,"CLINTON, HILLARY","TRUMP, DONALD J.",2268839,2279543,2279543,2268839,5353,R,,0.0,0.0,0.0,R
2016,MINNESOTA,MN,2944782,"CLINTON, HILLARY","TRUMP, DONALD J.",1367705,1322949,1367705,1322949,22379,D,,0.0,0.0,0.0,R
2016,MISSISSIPPI,MS,1209357,"CLINTON, HILLARY","TRUMP, DONALD J.",485131,700714,700714,485131,107792,R,,0.0,0.0,0.0,R
2016,MISSOURI,MO,2808605,"CLINTON, HILLARY","TRUMP, DONALD J.",1071068,1594511,1594511,1071068,261722,R,,0.0,0.0,0.0,R
2016,MONTANA,MT,494526,"CLINTON, HILLARY","TRUMP, DONALD J.",177709,279240,279240,177709,50766,R,,0.0,0.0,0.0,R
2016,NEBRASKA,NE,844227,"CLINTON, HILLARY","TRUMP, DONALD J.",284494,495961,495961,284494,105734,R,,0.0,0.0,0.0,R
2016,NEVADA,NV,1125385,"CLINTON, HILLARY","TRUMP, DONALD J.",539260,512058,539260,512058,13602,D,,0.0,0.0,0.0,R
2016,NEW HAMPSHIRE,NH,744296,"CLINTON, HILLARY","TRUMP, DONALD J.",348526,345790,348526,345790,1369,D,,0.0,0.0,0.0,R
2016,NEW JERSEY,NJ,3874046,"CLINTON, HILLARY","TRUMP, DONALD J.",2148278,1601933,2148278,1601933,273173,D,,0.0,0.0,0.0,R
2016,NEW MEXICO,NM,798319,"CLINTON, HILLARY","TRUMP, DONALD J.",385234,319667,385234,319667,32784,D,,0.0,0.0,0.0,R
2016,NEW YORK,NY,7802084,"CLINTON, HILLARY","TRUMP, DONALD J.",4379789,2527142,4379789,2527142,926324,D,,0.0,0.0,0.0,R
2016,NORTH CAROLINA,NC,4741564,"CLINTON, HILLARY","TRUMP, DONALD J.",2189316,2362631,2362631,2189316,86658,R,,0.0,0.0,0.0,R
2016,NORTH DAKOTA,ND,344360,"CLINTON, HILLARY","TRUMP, DONALD J.",93758,216794,216794,93758,61519,R,,0.0,0.0,0.0,R
2016,OHIO,OH,5496487,"CLINTON, HILLARY","TRUMP, DONALD J.",2394164,2841005,2841005,2394164,223421,R,,0.0,0.0,0.0,R
2016,OKLAHOMA,OK,1452992,"CLINTON, HILLARY","TRUMP, DONALD J.",420375,949136,949136,420375,264381,R,,0.0,0.0,0.0,R
2016,OREGON,OR,2001336,"CLINTON, HILLARY","TRUMP, DONALD J.",1002106,782403,1002106,782403,109852,D,,0.0,0.0,0.0,R
2016,PENNSYLVANIA,PA,6115402,"CLINTON, HILLARY","TRUMP, DONALD J.",2926441,2970733,2970733,2926441,22147,R,,0.0,0.0,0.0,R
2016,RHODE ISLAND,RI,464144,"CLINTON, HILLARY","TRUMP, DONALD J.",252525,180543,252525,180543,35992,D,,0.0,0.0,0.0,R
2016,SOUTH CAROLINA,SC,2103027,"CLINTON, HILLARY","TRUMP, DONALD J.",855373,1155389,1155389,855373,150009,R,,0.0,0.0,0.0,R
2016,SOUTH DAKOTA,SD,370093,"CLINTON, HILLARY","TRUMP, DONALD J.",117458,227721,227721,117458,55132,R,,0.0,0.0,0.0,R
2016,TENNESSEE,TN,2508027,"CLINTON, HILLARY","TRUMP, DONALD J.",870695,1522925,1522925,870695,326116,R,,0.0,0.0,0.0,R
2016,TEXAS,TX,8969226,"CLINTON, HILLARY","TRUMP, DONALD J.",3877868,4685047,4685047,3877868,403590,R,,0.0,0.0,0.0,R
2016,UTAH,UT,1131317,"CLINTON, HILLARY","TRUMP, DONALD J.",310674,515211,515211,310674,102269,R,,0.0,0.0,0.0,R
2016,VERMONT,VT,320467,"CLINTON, HILLARY","TRUMP, DONALD J.",178573,95369,178573,95369,41603,D,,0.0,0.0,0.0,R
2016,VIRGINIA,VA,3982752,"CLINTON, HILLARY","TRUMP, DONALD J.",1981473,1769443,1981473,1769443,106016,D,,0.0,0.0,0.0,R
2016,WASHINGTON,WA,3317019,"CLINTON, HILLARY","TRUMP, DONALD J.",1742718,1221747,1742718,1221747,260486,D,,0.0,0.0,0.0,R
2016,WEST VIRGINIA,WV,713051,"CLINTON, HILLARY","TRUMP, DONALD J.",188794,489371,489371,188794,150289,R,,0.0,0.0,0.0,R
2016,WISCONSIN,WI,2976150,"CLINTON, HILLARY","TRUMP, DONALD J.",1382536,1405284,1405284,1382536,11375,R,,0.0,0.0,0.0,R
2016,WYOMING,WY,258788,"CLINTON, HILLARY","TRUMP, DONALD J.",55973,174419,174419,55973,59224,R,,0.0,0.0,0.0,R
2020,ALABAMA,AL,2323282,"BIDEN, JOSEPH R. JR","TRUMP, DONALD J.",849624,1441170,1441170,849624,295774,R,,0.0,0.0,0.0,R
2020,ALASKA,AK,359530,"BIDEN, JOSEPH R. JR","TRUMP, DONALD J.",153778,189951,189951,153778,18087,R,,0.0,0.0,0.0,R
2020,ARIZONA,AZ,3387326,"BIDEN, JOSEPH R. JR","TRUMP, DONALD J.",1672143,1661686,1672143,1661686,5229,D,,0.0,0.0,0.0,R
2020,ARKANSAS,AR,1219069,"BIDEN, JOSEPH R. JR","TRUMP, DONALD J.",423932,760647,760647,423932,168358,R,,0.0,0.0,0.0,R
2020,CALIFORNIA,CA,17500881,"BIDEN, JOSEPH R. JR","TRUMP, DONALD J.",11110250,6006429,11110250,6006429,2551911,D,,0.0,0.0,0.0,R
2020,COLORADO,CO,3279980,"BIDEN, JOSEPH R. JR","TRUMP, DONALD J.",1804352,1364607,1804352,1364607,219873,D,,0.0,0.0,0.0,R
2020,CONNECTICUT,CT,1823857,"BIDEN, JOSEPH R. JR","TRUMP, DONALD J.",1080831,714717,1080831,714717,183058,D,,0.0,0.0,0.0,R
2020,DELAWARE,DE,504346,"BIDEN, JOSEPH R. JR","TRUMP, DONALD J.",296268,200603,296268,200603,47833,D,,0.0,0.0,0.0,R
2020,DISTRICT OF COLUMBIA,DC,344356,"BIDEN, JOSEPH R. JR","TRUMP, DONALD J.",317323,18586,317323,18586,149369,D,,0.0,0.0,0.0,R
2020,FLORIDA,FL,11067456,"BIDEN, JOSEPH R. JR","TRUMP, DONALD J.",5297045,5668731,5668731,5297045,185844,R,,0.0,0.0,0.0,R
2020,GEORGIA,GA,4999960,"BIDEN, JOSEPH R. JR","TRUMP, DONALD J.",2473633,2461854,2473633,2461854,5890,D,,0.0,0.0,0.0,R
2020,HAWAII,HI,579784,"BIDEN, JOSEPH R. JR","TRUMP, DONALD J.",366130,196864,366130,196864,84634,D,,0.0,0.0,0.0,R
2020,IDAHO,ID,868014,"BIDEN, JOSEPH R. JR","TRUMP, DONALD J.",287021,554119,554119,287021,133550,R,,0.0,0.0,0.0,R
2020,ILLINOIS,IL,6033743,"BIDEN, JOSEPH R. JR","TRUMP, DONALD J.",3471915,2446891,3471915,2446891,512513,D,,0.0,0.0,0.0,R
2020,INDIANA,IN,3033118,"BIDEN, JOSEPH R. JR","TRUMP, DONALD J.",1242416,1729519,1729519,1242416,243552,R,,0.0,0.0,0.0,R
2020,IOWA,IA,1700130,"BIDEN, JOSEPH R. JR","TRUMP, DONALD J.",759061,897672,897672,759061,69306,R,,0.0,0.0,0.0,R
2020,KANSAS,KS,1372303,"BIDEN, JOSEPH R. JR","TRUMP, DONALD J.",570323,771406,771406,570323,100542,R,,0.0,0.0,0.0,R
2020,KENTUCKY,KY,2136768,"BIDEN, JOSEPH R. JR","TRUMP, DONALD J.",772474,1326646,1326646,772474,277087,R,,0.0,0.0,0.0,R
2020,LOUISIANA,LA,2148062,"BIDEN, JOSEPH R. JR","TRUMP, DONALD J.",856034,1255776,1255776,856034,199872,R,,0.0,0.0,0.0,R
2020,MAINE,ME,828305,"BIDEN, JOSEPH R. JR","TRUMP, DONALD J.",435072,360737,435072,360737,37168,D,,0.0,0.0,0.0,R
2020,MARYLAND,MD,3037030,"BIDEN, JOSEPH R. JR","TRUMP, DONALD J.",1985023,976414,1985023,976414,504305,D,,0.0,0.0,0.0,R
2020,MASSACHUSETTS,MA,3658005,"BIDEN, JOSEPH R. JR","TRUMP, DONALD J.",2382202,1167202,2382202,1167202,607501,D,,0.0,0.0,0.0,R
2020,MICHIGAN,MI,5539302,"BIDEN, JOSEPH R. JR","TRUMP, DONALD J.",2804040,2649852,2804040,2649852,77095,D,,0.0,0.0,0.0,R
2020,MINNESOTA,MN,3277171,"BIDEN, JOSEPH R. JR","TRUMP, DONALD J.",1717077,1484065,1717077,1484065,116507,D,,0.0,0.0,0.0,R
2020,MISSISSIPPI,MS,1313759,"BIDEN, JOSEPH R. JR","TRUMP, DONALD J.",539398,756764,756764,539398,108684,R,,0.0,0.0,0.0,R
2020,MISSOURI,MO,3025962,"BIDEN, JOSEPH R. JR","TRUMP, DONALD J.",1253014,1718736,1718736,1253014,232862,R,,0.0,0.0,0.0,R
2020,MONTANA,MT,603674,"BIDEN, JOSEPH R. JR","TRUMP, DONALD J.",244786,343602,343602,244786,49409,R,,0.0,0.0,0.0,R
2020,NEBRASKA,NE,956383,"BIDEN, JOSEPH R. JR","TRUMP, DONALD J.",374583,556846,556846,374583,91132,R,,0.0,0.0,0.0,R
2020,NEVADA,NV,1405376,"BIDEN, JOSEPH R. JR","TRUMP, DONALD J.",703486,669890,703486,669890,16799,D,,0.0,0.0,0.0,R
2020,NEW HAMPSHIRE,NH,806182,"BIDEN, JOSEPH R. JR","TRUMP, DONALD J.",424921,365654,424921,365654,29634,D,,0.0,0.0,0.0,R
2020,NEW JERSEY,NJ,4549353,"BIDEN, JOSEPH R. JR","TRUMP, DONALD J.",2608335,1883274,2608335,1883274,362531,D,,0.0,0.0,0.0,R
2020,NEW MEXICO,NM,923965,"BIDEN, JOSEPH R. JR","TRUMP, DONALD J.",501614,401894,501614,401894,49861,D,,0.0,0.0,0.0,R
2020,NEW YORK,NY,8661735,"BIDEN, JOSEPH R. JR","TRUMP, DONALD J.",5230985,3244798,5230985,3244798,993094,D,,0.0,0.0,0.0,R
2020,NORTH CAROLINA,NC,5524802,"BIDEN, JOSEPH R. JR","TRUMP, DONALD J.",2684292,2758773,2758773,2684292,37241,R,,0.0,0.0,0.0,R
2020,NORTH DAKOTA,ND,361819,"BIDEN, JOSEPH R. JR","TRUMP, DONALD J.",114902,235595,235595,114902,60347,R,,0.0,0.0,0.0,R
2020,OHIO,OH,5922202,"BIDEN, JOSEPH R. JR","TRUMP, DONALD J.",2679165,3154834,3154834,2679165,237835,R,,0.0,0.0,0.0,R
2020,OKLAHOMA,OK,1560699,"BIDEN, JOSEPH R. JR","TRUMP, DONALD J.",503890,1020280,1020280,503890,258196,R,,0.0,0.0,0.0,R
2020,OREGON,OR,2374321,"BIDEN, JOSEPH R. JR","TRUMP, DONALD J.",1340383,958448,1340383,958448,190968,D,,0.0,0.0,0.0,R
2020,PENNSYLVANIA,PA,6915283,"BIDEN, JOSEPH R. JR","TRUMP, DONALD J.",3458229,3377674,3458229,3377674,40278,D,,0.0,0.0,0.0,R
2020,RHODE ISLAND,RI,516990,"BIDEN, JOSEPH R. JR","TRUMP, DONALD J.",307486,199922,307486,199922,53783,D,,0.0,0.0,0.0,R
2020,SOUTH CAROLINA,SC,2514096,"BIDEN, JOSEPH R. JR","TRUMP, DONALD J.",1091541,1385103,1385103,1091541,146782,R,,0.0,0.0,0.0,R
2020,SOUTH DAKOTA,SD,422609,"BIDEN, JOSEPH R. JR","TRUMP, DONALD J.",150471,261043,261043,150471,55287,R,,0.0,0.0,0.0,R
2020,TENNESSEE,TN,3053851,"BIDEN, JOSEPH R. JR","TRUMP, DONALD J.",1143711,1852475,1852475,1143711,354383,R,,0.0,0.0,0.0,R
2020,TEXAS,TX,11315056,"BIDEN, JOSEPH R. JR","TRUMP, DONALD J.",5259126,5890347,5890347,5259126,315611,R,,0.0,0.0,0.0,R
2020,UTAH,UT,1488289,"BIDEN, JOSEPH R. JR","TRUMP, DONALD J.",560282,865140,865140,560282,152430,R,,0.0,0.0,0.0,R
2020,VERMONT,VT,370968,"BIDEN, JOSEPH R. JR","TRUMP, DONALD J.",242820,112704,242820,112704,65059,D,,0.0,0.0,0.0,R
2020,VIRGINIA,VA,4460524,"BIDEN, JOSEPH R. JR","TRUMP, DONALD J.",2413568,1962430,2413568,1962430,225570,D,,0.0,0.0,0.0,R
2020,WASHINGTON,WA,4087631,"BIDEN, JOSEPH R. JR","TRUMP, DONALD J.",2369612,1584651,2369612,1584651,392481,D,,0.0,0.0,0.0,R
2020,WEST VIRGINIA,WV,794652,"BIDEN, JOSEPH R. JR","TRUMP, DONALD J.",235984,545382,545382,235984,154700,R,,0.0,0.0,0.0,R
2020,WISCONSIN,WI,3298041,"BIDEN, JOSEPH R. JR","TRUMP, DONALD J.",1630866,1610184,1630866,1610184,10342,D,,0.0,0.0,0.0,R
2020,WYOMING,WY,278503,"BIDEN, JOSEPH R. JR","TRUMP, DONALD J.",73491,193559,193559,73491,60035,R,,0.0,0.0,0.0,R
