,year,state,party_win,winner_votes,state_total_votes,electoral_votes,votes_to_flip,national_winner,winner_state
0,1976,ALABAMA,DEMOCRAT,659170,1182850,9.0,77551.0,D,True
1,1976,ALASKA,REPUBLICAN,71555,123574,3.0,13750.0,D,False
2,1976,ARIZONA,REPUBLICAN,418642,742719,6.0,61521.0,D,False
3,1976,ARKANSAS,DEMOCRAT,498604,767535,6.0,115352.0,D,True
4,1976,CALIFORNIA,REPUBLICAN,3882244,7803770,45.0,69981.0,D,False
5,1976,COLORADO,REPUBLICAN,584278,1081440,7.0,61740.0,D,False
6,1976,CONNECTICUT,REPUBLICAN,719261,1386355,8.0,35684.0,D,False
7,1976,DELAWARE,DEMOCRAT,122461,235642,3.0,6342.0,D,True
8,1976,FLORIDA,DEMOCRAT,1636000,3150631,17.0,83236.0,D,True
9,1976,GEORGIA,DEMOCRAT,979409,1463152,12.0,247834.0,D,True
10,1976,HAWAII,DEMOCRAT,147375,291301,4.0,3687.0,D,True
11,1976,IDAHO,REPUBLICAN,204151,340932,4.0,38802.0,D,False
12,1976,ILLINOIS,REPUBLICAN,2364269,4721282,26.0,46488.0,D,False
13,1976,INDIANA,REPUBLICAN,1183958,2220362,13.0,84623.0,D,False
14,1976,IOWA,REPUBLICAN,632864,1279303,8.0,6468.0,D,False
15,1976,KANSAS,REPUBLICAN,502752,957845,7.0,36167.0,D,False
16,1976,KENTUCKY,DEMOCRAT,615717,1167142,9.0,41934.0,D,True
17,1976,LOUISIANA,DEMOCRAT,661365,1277383,10.0,36961.0,D,True
18,1976,MAINE,REPUBLICAN,236320,482968,4.0,2022.0,D,False
19,1976,MARYLAND,DEMOCRAT,759612,1432273,10.0,43477.0,D,True
20,1976,MASSACHUSETTS,DEMOCRAT,1429475,2547558,14.0,199601.0,D,True
21,1976,MICHIGAN,REPUBLICAN,1893742,3651590,21.0,98515.0,D,False
22,1976,MINNESOTA,DEMOCRAT,1070440,1949931,10.0,125524.0,D,True
23,1976,MISSISSIPPI,DEMOCRAT,381329,768390,7.0,7243.0,D,True
24,1976,MISSOURI,DEMOCRAT,998387,1953600,12.0,35473.0,D,True
25,1976,MONTANA,REPUBLICAN,173703,328734,4.0,12223.0,D,False
26,1976,NEBRASKA,REPUBLICAN,359219,606749,5.0,62964.0,D,False
27,1976,NEVADA,REPUBLICAN,101273,201876,3.0,4398.0,D,False
28,1976,NEW HAMPSHIRE,REPUBLICAN,185935,339627,4.0,19146.0,D,False
29,1976,NEW JERSEY,REPUBLICAN,1509688,3014472,17.0,32519.0,D,False
30,1976,NEW MEXICO,REPUBLICAN,211419,416590,4.0,5137.0,D,False
31,1976,NEW YORK,DEMOCRAT,3244165,6668262,41.0,209127.0,D,True
32,1976,NORTH CAROLINA,DEMOCRAT,927365,1677906,13.0,92704.0,D,True
33,1976,NORTH DAKOTA,REPUBLICAN,153684,297308,3.0,8804.0,D,False
34,1976,OHIO,DEMOCRAT,2009959,4110456,25.0,4668.0,D,True
35,1976,OKLAHOMA,REPUBLICAN,545708,1092251,8.0,6634.0,D,False
36,1976,OREGON,REPUBLICAN,492120,1029876,6.0,858.0,D,False
37,1976,PENNSYLVANIA,DEMOCRAT,2328677,4620787,27.0,61538.0,D,True
38,1976,RHODE ISLAND,DEMOCRAT,227636,410584,4.0,23195.0,D,True
39,1976,SOUTH CAROLINA,DEMOCRAT,450807,802583,8.0,52330.0,D,True
40,1976,SOUTH DAKOTA,REPUBLICAN,151505,300678,4.0,2220.0,D,False
41,1976,TENNESSEE,DEMOCRAT,825879,1476346,10.0,95956.0,D,True
42,1976,TEXAS,DEMOCRAT,2082319,4071884,26.0,64511.0,D,True
43,1976,UTAH,REPUBLICAN,337908,541218,4.0,77900.0,D,False
44,1976,VERMONT,REPUBLICAN,100387,183902,3.0,11296.0,D,False
45,1976,VIRGINIA,REPUBLICAN,836554,1697094,12.0,11330.0,D,False
46,1976,WASHINGTON,REPUBLICAN,777732,1555534,9.0,30206.0,D,False
47,1976,WEST VIRGINIA,DEMOCRAT,435864,750590,6.0,60570.0,D,True
48,1976,WISCONSIN,DEMOCRAT,1040232,2101336,11.0,17624.0,D,True
49,1976,WYOMING,REPUBLICAN,92717,156343,3.0,15240.0,D,False
50,1980,ALABAMA,REPUBLICAN,654192,1341929,9.0,8732.0,R,True
51,1980,ALASKA,REPUBLICAN,86112,158445,3.0,22136.0,R,True
52,1980,ARIZONA,REPUBLICAN,529688,873945,6.0,141424.0,R,True
53,1980,ARKANSAS,REPUBLICAN,403164,837582,6.0,2563.0,R,True
54,1980,CALIFORNIA,REPUBLICAN,4522994,8582938,45.0,720027.0,R,True
55,1980,COLORADO,REPUBLICAN,652264,1184450,7.0,142129.0,R,True
56,1980,CONNECTICUT,REPUBLICAN,677210,1406285,8.0,67740.0,R,True
57,1980,DELAWARE,REPUBLICAN,111252,235668,3.0,2750.0,R,True
58,1980,FLORIDA,REPUBLICAN,2046951,3686927,17.0,313739.0,R,True
59,1980,GEORGIA,DEMOCRAT,890955,1596805,12.0,118395.0,R,False
60,1980,HAWAII,DEMOCRAT,135879,303287,4.0,2885.0,R,False
61,1980,IDAHO,REPUBLICAN,290699,437431,4.0,90255.0,R,True
62,1980,ILLINOIS,REPUBLICAN,2358049,4749721,26.0,188319.0,R,True
63,1980,INDIANA,REPUBLICAN,1255656,2242033,13.0,205731.0,R,True
64,1980,IOWA,REPUBLICAN,676026,1317661,8.0,83678.0,R,True
65,1980,KANSAS,REPUBLICAN,566812,979795,7.0,120332.0,R,True
66,1980,KENTUCKY,REPUBLICAN,635274,1295627,9.0,8930.0,R,True
67,1980,LOUISIANA,REPUBLICAN,792853,1548591,10.0,42201.0,R,True
68,1980,MAINE,REPUBLICAN,238522,523011,4.0,8775.0,R,True
69,1980,MARYLAND,DEMOCRAT,726161,1540496,10.0,22779.0,R,False
70,1980,MASSACHUSETTS,REPUBLICAN,1057631,2524090,14.0,1916.0,R,True
71,1980,MICHIGAN,REPUBLICAN,1915225,3909725,21.0,126848.0,R,True
72,1980,MINNESOTA,DEMOCRAT,954173,2051916,10.0,40454.0,R,False
73,1980,MISSISSIPPI,REPUBLICAN,441089,891750,7.0,5905.0,R,True
74,1980,MISSOURI,REPUBLICAN,1074181,2099824,12.0,71501.0,R,True
75,1980,MONTANA,REPUBLICAN,206814,363952,4.0,44392.0,R,True
76,1980,NEBRASKA,REPUBLICAN,419214,639533,5.0,126396.0,R,True
77,1980,NEVADA,REPUBLICAN,155017,243692,3.0,44177.0,R,True
78,1980,NEW HAMPSHIRE,REPUBLICAN,221705,383990,4.0,56422.0,R,True
79,1980,NEW JERSEY,REPUBLICAN,1546557,2975684,17.0,199598.0,R,True
80,1980,NEW MEXICO,REPUBLICAN,250779,456237,4.0,41478.0,R,True
81,1980,NEW YORK,DEMOCRAT,2728372,6201959,41.0,45337.0,R,False
82,1980,NORTH CAROLINA,REPUBLICAN,915018,1855833,13.0,19693.0,R,True
83,1980,NORTH DAKOTA,REPUBLICAN,193695,301116,3.0,57254.0,R,True
84,1980,OHIO,REPUBLICAN,2206545,4283603,25.0,227067.0,R,True
85,1980,OKLAHOMA,REPUBLICAN,695570,1149708,8.0,146773.0,R,True
86,1980,OREGON,REPUBLICAN,571044,1181516,6.0,57078.0,R,True
87,1980,PENNSYLVANIA,REPUBLICAN,2261872,4561501,27.0,162167.0,R,True
88,1980,RHODE ISLAND,DEMOCRAT,198342,415967,4.0,21776.0,R,False
89,1980,SOUTH CAROLINA,REPUBLICAN,439277,888258,8.0,5530.0,R,True
90,1980,SOUTH DAKOTA,REPUBLICAN,198343,327703,4.0,47245.0,R,True
91,1980,TENNESSEE,REPUBLICAN,787761,1617616,10.0,2356.0,R,True
92,1980,TEXAS,REPUBLICAN,2510705,4541636,26.0,314780.0,R,True
93,1980,UTAH,REPUBLICAN,439687,604152,4.0,157712.0,R,True
94,1980,VERMONT,REPUBLICAN,94628,213299,3.0,6339.0,R,True
95,1980,VIRGINIA,REPUBLICAN,989609,1866032,12.0,118719.0,R,True
96,1980,WASHINGTON,REPUBLICAN,865244,1742394,9.0,107527.0,R,True
97,1980,WEST VIRGINIA,DEMOCRAT,367462,737715,6.0,16629.0,R,False
98,1980,WISCONSIN,REPUBLICAN,1088845,2273221,11.0,53632.0,R,True
99,1980,WYOMING,REPUBLICAN,110700,176713,3.0,30638.0,R,True
100,1984,ALABAMA,REPUBLICAN,872849,1441713,9.0,160476.0,R,True
101,1984,ALASKA,REPUBLICAN,138377,207605,3.0,38186.0,R,True
102,1984,ARIZONA,REPUBLICAN,681416,1025897,7.0,173782.0,R,True
103,1984,ARKANSAS,REPUBLICAN,534774,884406,6.0,98065.0,R,True
104,1984,CALIFORNIA,REPUBLICAN,5467009,9505041,47.0,772246.0,R,True
105,1984,COLORADO,REPUBLICAN,821817,1295380,8.0,183422.0,R,True
106,1984,CONNECTICUT,REPUBLICAN,890877,1466900,8.0,160641.0,R,True
107,1984,DELAWARE,REPUBLICAN,152190,254572,3.0,25268.0,R,True
108,1984,FLORIDA,REPUBLICAN,2730350,4180051,21.0,640768.0,R,True
109,1984,GEORGIA,REPUBLICAN,1068722,1776103,12.0,181048.0,R,True
110,1984,HAWAII,REPUBLICAN,185050,335846,4.0,18949.0,R,True
111,1984,IDAHO,REPUBLICAN,297523,411144,4.0,94508.0,R,True
112,1984,ILLINOIS,REPUBLICAN,2707103,4819088,24.0,310303.0,R,True
113,1984,INDIANA,REPUBLICAN,1377230,2233069,12.0,267876.0,R,True
114,1984,IOWA,REPUBLICAN,703088,1319805,8.0,48735.0,R,True
115,1984,KANSAS,REPUBLICAN,677296,1021991,7.0,172075.0,R,True
116,1984,KENTUCKY,REPUBLICAN,821702,1369345,9.0,141083.0,R,True
117,1984,LOUISIANA,REPUBLICAN,1037299,1706822,10.0,192858.0,R,True
118,1984,MAINE,REPUBLICAN,336500,553144,4.0,60994.0,R,True
119,1984,MARYLAND,REPUBLICAN,879918,1675873,10.0,45993.0,R,True
120,1984,MASSACHUSETTS,REPUBLICAN,1310936,2559383,13.0,35666.0,R,True
121,1984,MICHIGAN,REPUBLICAN,2251571,3801658,20.0,360968.0,R,True
122,1984,MINNESOTA,DEMOCRAT,1036364,2084449,10.0,1882.0,R,False
123,1984,MISSISSIPPI,REPUBLICAN,582377,941104,7.0,115094.0,R,True
124,1984,MISSOURI,REPUBLICAN,1274188,2122771,11.0,212804.0,R,True
125,1984,MONTANA,REPUBLICAN,232450,384377,4.0,42855.0,R,True
126,1984,NEBRASKA,REPUBLICAN,460054,652090,5.0,136095.0,R,True
127,1984,NEVADA,REPUBLICAN,188770,282717,4.0,48559.0,R,True
128,1984,NEW HAMPSHIRE,REPUBLICAN,267050,388904,4.0,73353.0,R,True
129,1984,NEW JERSEY,REPUBLICAN,1933630,3217862,16.0,336155.0,R,True
130,1984,NEW MEXICO,REPUBLICAN,307101,514370,5.0,52667.0,R,True
131,1984,NEW YORK,REPUBLICAN,3376519,6806810,36.0,187618.0,R,True
132,1984,NORTH CAROLINA,REPUBLICAN,1346481,2175361,13.0,261098.0,R,True
133,1984,NORTH DAKOTA,REPUBLICAN,200336,308971,3.0,47955.0,R,True
134,1984,OHIO,REPUBLICAN,2678559,4563235,23.0,426561.0,R,True
135,1984,OKLAHOMA,REPUBLICAN,861530,1255676,8.0,238226.0,R,True
136,1984,OREGON,REPUBLICAN,685700,1226527,7.0,74612.0,R,True
137,1984,PENNSYLVANIA,REPUBLICAN,2584323,4844903,25.0,178097.0,R,True
138,1984,RHODE ISLAND,REPUBLICAN,212080,410489,4.0,7488.0,R,True
139,1984,SOUTH CAROLINA,REPUBLICAN,615539,968529,8.0,135541.0,R,True
140,1984,SOUTH DAKOTA,REPUBLICAN,200267,317867,3.0,42078.0,R,True
141,1984,TENNESSEE,REPUBLICAN,990212,1711993,11.0,139250.0,R,True
142,1984,TEXAS,REPUBLICAN,3433428,5397571,29.0,742077.0,R,True
143,1984,UTAH,REPUBLICAN,469105,629656,5.0,156869.0,R,True
144,1984,VERMONT,REPUBLICAN,135865,234561,3.0,20069.0,R,True
145,1984,VIRGINIA,REPUBLICAN,1337078,2146635,12.0,270415.0,R,True
146,1984,WASHINGTON,REPUBLICAN,1051670,1874910,10.0,126660.0,R,True
147,1984,WEST VIRGINIA,REPUBLICAN,405483,735742,6.0,38680.0,R,True
148,1984,WISCONSIN,REPUBLICAN,1198584,2211689,11.0,101423.0,R,True
149,1984,WYOMING,REPUBLICAN,133241,188968,3.0,39937.0,R,True
150,1988,ALABAMA,REPUBLICAN,815576,1378476,9.0,133036.0,R,True
151,1988,ALASKA,REPUBLICAN,119251,200116,3.0,23335.0,R,True
152,1988,ARIZONA,REPUBLICAN,702541,1171873,7.0,124257.0,R,True
153,1988,ARKANSAS,REPUBLICAN,466578,827738,6.0,58672.0,R,True
154,1988,CALIFORNIA,REPUBLICAN,5054917,9887065,47.0,176343.0,R,True
155,1988,COLORADO,REPUBLICAN,728177,1372394,8.0,53363.0,R,True
156,1988,CONNECTICUT,REPUBLICAN,750241,1443394,8.0,36830.0,R,True
157,1988,DELAWARE,REPUBLICAN,139639,249891,3.0,15497.0,R,True
158,1988,FLORIDA,REPUBLICAN,2618885,4302313,21.0,481093.0,R,True
159,1988,GEORGIA,REPUBLICAN,1081331,1809672,12.0,183271.0,R,True
160,1988,HAWAII,DEMOCRAT,192364,354461,4.0,16871.0,R,False
161,1988,IDAHO,REPUBLICAN,253881,408968,4.0,53306.0,R,True
162,1988,ILLINOIS,REPUBLICAN,2310939,4559120,24.0,47501.0,R,True
163,1988,INDIANA,REPUBLICAN,1297763,2168621,12.0,218561.0,R,True
164,1988,IOWA,DEMOCRAT,670557,1225614,8.0,62602.0,R,False
165,1988,KANSAS,REPUBLICAN,554049,993044,7.0,65708.0,R,True
166,1988,KENTUCKY,REPUBLICAN,734281,1322517,9.0,76958.0,R,True
167,1988,LOUISIANA,REPUBLICAN,883702,1628202,10.0,83122.0,R,True
168,1988,MAINE,REPUBLICAN,307131,555035,4.0,31782.0,R,True
169,1988,MARYLAND,REPUBLICAN,876167,1714358,10.0,24933.0,R,True
170,1988,MASSACHUSETTS,DEMOCRAT,1401415,2632801,13.0,103391.0,R,False
171,1988,MICHIGAN,REPUBLICAN,1965486,3669163,20.0,144853.0,R,True
172,1988,MINNESOTA,DEMOCRAT,1109471,2096790,10.0,73568.0,R,False
173,1988,MISSISSIPPI,REPUBLICAN,557890,931527,7.0,96986.0,R,True
174,1988,MISSOURI,REPUBLICAN,1084953,2093228,11.0,41668.0,R,True
175,1988,MONTANA,REPUBLICAN,190412,365674,4.0,10739.0,R,True
176,1988,NEBRASKA,REPUBLICAN,397956,661465,5.0,69362.0,R,True
177,1988,NEVADA,REPUBLICAN,206040,343133,4.0,36652.0,R,True
178,1988,NEW HAMPSHIRE,REPUBLICAN,281537,450525,4.0,58922.0,R,True
179,1988,NEW JERSEY,REPUBLICAN,1743192,3099553,16.0,211421.0,R,True
180,1988,NEW MEXICO,REPUBLICAN,270341,521387,5.0,12923.0,R,True
181,1988,NEW YORK,DEMOCRAT,3255487,6485683,36.0,208538.0,R,False
182,1988,NORTH CAROLINA,REPUBLICAN,1237258,2134370,13.0,173547.0,R,True
183,1988,NORTH DAKOTA,REPUBLICAN,166559,297261,3.0,19411.0,R,True
184,1988,OHIO,REPUBLICAN,2416549,4393585,23.0,238461.0,R,True
185,1988,OKLAHOMA,REPUBLICAN,678367,1171036,8.0,97473.0,R,True
186,1988,OREGON,DEMOCRAT,616206,1201694,7.0,28041.0,R,False
187,1988,PENNSYLVANIA,REPUBLICAN,2300087,4536251,25.0,52573.0,R,True
188,1988,RHODE ISLAND,DEMOCRAT,225123,404622,4.0,23682.0,R,False
189,1988,SOUTH CAROLINA,REPUBLICAN,606443,986009,8.0,117946.0,R,True
190,1988,SOUTH DAKOTA,REPUBLICAN,165415,312991,3.0,9929.0,R,True
191,1988,TENNESSEE,REPUBLICAN,947233,1636250,11.0,133721.0,R,True
192,1988,TEXAS,REPUBLICAN,3036829,5427410,29.0,342042.0,R,True
193,1988,UTAH,REPUBLICAN,428442,647008,5.0,110551.0,R,True
194,1988,VERMONT,REPUBLICAN,124331,243328,3.0,4279.0,R,True
195,1988,VIRGINIA,REPUBLICAN,1309162,2191609,12.0,224683.0,R,True
196,1988,WASHINGTON,DEMOCRAT,933516,1865253,10.0,14842.0,R,False
197,1988,WEST VIRGINIA,DEMOCRAT,341016,653311,6.0,15477.0,R,False
198,1988,WISCONSIN,DEMOCRAT,1126794,2191608,11.0,39649.0,R,False
199,1988,WYOMING,REPUBLICAN,106867,176551,3.0,19878.0,R,True
200,1992,ALABAMA,REPUBLICAN,804283,1688060,9.0,57103.0,D,False
201,1992,ALASKA,REPUBLICAN,102000,258506,3.0,11854.0,D,False
202,1992,ARIZONA,REPUBLICAN,572086,1486975,8.0,14519.0,D,False
203,1992,ARKANSAS,DEMOCRAT,505823,950653,6.0,84251.0,D,True
204,1992,CALIFORNIA,DEMOCRAT,5121325,11131721,54.0,745377.0,D,True
205,1992,COLORADO,DEMOCRAT,629681,1569180,8.0,33417.0,D,True
206,1992,CONNECTICUT,DEMOCRAT,682318,1616156,8.0,52004.0,D,True
207,1992,DELAWARE,DEMOCRAT,126054,289620,3.0,11872.0,D,True
208,1992,FLORIDA,REPUBLICAN,2173310,5313392,25.0,50807.0,D,False
209,1992,GEORGIA,DEMOCRAT,1008966,2321133,13.0,6858.0,D,True
210,1992,HAWAII,DEMOCRAT,179310,372842,4.0,21245.0,D,True
211,1992,IDAHO,REPUBLICAN,202645,482114,4.0,32817.0,D,False
212,1992,ILLINOIS,DEMOCRAT,2453350,5050157,22.0,359628.0,D,True
213,1992,INDIANA,REPUBLICAN,989375,2305871,12.0,70479.0,D,False
214,1992,IOWA,DEMOCRAT,586353,1354607,7.0,40732.0,D,True
215,1992,KANSAS,REPUBLICAN,449951,1157236,6.0,29760.0,D,False
216,1992,KENTUCKY,DEMOCRAT,665104,1492900,8.0,23964.0,D,True
217,1992,LOUISIANA,DEMOCRAT,815971,1790017,9.0,41294.0,D,True
218,1992,MAINE,DEMOCRAT,263420,679499,4.0,28301.0,D,True
219,1992,MARYLAND,DEMOCRAT,988571,1984580,10.0,140740.0,D,True
220,1992,MASSACHUSETTS,DEMOCRAT,1318639,2773664,12.0,256801.0,D,True
221,1992,MICHIGAN,DEMOCRAT,1871182,4274673,18.0,158122.0,D,True
222,1992,MINNESOTA,DEMOCRAT,1020997,2347948,10.0,136579.0,D,True
223,1992,MISSISSIPPI,REPUBLICAN,487793,981793,7.0,43769.0,D,False
224,1992,MISSOURI,DEMOCRAT,1053873,2391270,11.0,121358.0,D,True
225,1992,MONTANA,DEMOCRAT,154507,410583,3.0,5151.0,D,True
226,1992,NEBRASKA,REPUBLICAN,343678,737546,5.0,63408.0,D,False
227,1992,NEVADA,DEMOCRAT,189148,506318,4.0,6661.0,D,True
228,1992,NEW HAMPSHIRE,DEMOCRAT,209040,537215,4.0,3279.0,D,True
229,1992,NEW JERSEY,DEMOCRAT,1436206,3343594,15.0,39672.0,D,True
230,1992,NEW MEXICO,DEMOCRAT,261617,569986,5.0,24398.0,D,True
231,1992,NEW YORK,DEMOCRAT,3346894,7079432,33.0,652603.0,D,True
232,1992,NORTH CAROLINA,REPUBLICAN,1134661,2611850,14.0,10311.0,D,False
233,1992,NORTH DAKOTA,REPUBLICAN,136244,308133,3.0,18539.0,D,False
234,1992,OHIO,DEMOCRAT,1984942,4939967,21.0,45317.0,D,True
235,1992,OKLAHOMA,REPUBLICAN,592929,1390359,8.0,59933.0,D,False
236,1992,OREGON,DEMOCRAT,621314,1462643,7.0,72780.0,D,True
237,1992,PENNSYLVANIA,DEMOCRAT,2239164,4959810,23.0,223663.0,D,True
238,1992,RHODE ISLAND,DEMOCRAT,213299,453365,4.0,40850.0,D,True
239,1992,SOUTH CAROLINA,REPUBLICAN,577507,1228912,8.0,25998.0,D,False
240,1992,SOUTH DAKOTA,REPUBLICAN,136718,336254,3.0,5916.0,D,False
241,1992,TENNESSEE,DEMOCRAT,933521,1982638,11.0,46112.0,D,True
242,1992,TEXAS,REPUBLICAN,2496071,6154018,32.0,107129.0,D,False
243,1992,UTAH,REPUBLICAN,322632,743998,5.0,59617.0,D,False
244,1992,VERMONT,DEMOCRAT,133592,289701,3.0,22736.0,D,True
245,1992,VIRGINIA,REPUBLICAN,1150517,2559129,13.0,55935.0,D,False
246,1992,WASHINGTON,DEMOCRAT,993037,2287565,11.0,130903.0,D,True
247,1992,WEST VIRGINIA,DEMOCRAT,331001,683677,5.0,44515.0,D,True
248,1992,WISCONSIN,DEMOCRAT,1041066,2531064,11.0,55107.0,D,True
249,1992,WYOMING,REPUBLICAN,79347,199884,3.0,5595.0,D,False
250,1996,ALABAMA,REPUBLICAN,769044,1534349,9.0,53441.0,D,False
251,1996,ALASKA,REPUBLICAN,122746,241620,3.0,21184.0,D,False
252,1996,ARIZONA,DEMOCRAT,653288,1404405,8.0,15609.0,D,True
253,1996,ARKANSAS,DEMOCRAT,475171,884262,6.0,74879.0,D,True
254,1996,CALIFORNIA,DEMOCRAT,5119835,10019469,54.0,645728.0,D,True
255,1996,COLORADO,REPUBLICAN,691848,1510702,8.0,10349.0,D,False
256,1996,CONNECTICUT,DEMOCRAT,735740,1392614,8.0,126317.0,D,True
257,1996,DELAWARE,DEMOCRAT,140355,270810,3.0,20648.0,D,True
258,1996,FLORIDA,DEMOCRAT,2546870,5303154,25.0,151168.0,D,True
259,1996,GEORGIA,REPUBLICAN,1080843,2298899,13.0,13498.0,D,False
260,1996,HAWAII,DEMOCRAT,205012,360120,4.0,45536.0,D,True
261,1996,IDAHO,REPUBLICAN,256595,491711,4.0,45577.0,D,False
262,1996,ILLINOIS,DEMOCRAT,2341744,4311391,22.0,377363.0,D,True
263,1996,INDIANA,REPUBLICAN,1006693,2135431,12.0,59636.0,D,False
264,1996,IOWA,DEMOCRAT,620258,1234075,7.0,63808.0,D,True
265,1996,KANSAS,REPUBLICAN,583245,1074300,6.0,97794.0,D,False
266,1996,KENTUCKY,DEMOCRAT,636614,1388708,8.0,6667.0,D,True
267,1996,LOUISIANA,DEMOCRAT,927837,1783959,9.0,107627.0,D,True
268,1996,MAINE,DEMOCRAT,312788,605897,4.0,63206.0,D,True
269,1996,MARYLAND,DEMOCRAT,966207,1780870,10.0,142340.0,D,True
270,1996,MASSACHUSETTS,DEMOCRAT,1571509,2556459,12.0,426727.0,D,True
271,1996,MICHIGAN,DEMOCRAT,1989653,3848844,18.0,254222.0,D,True
272,1996,MINNESOTA,DEMOCRAT,1120380,2192492,10.0,176994.0,D,True
273,1996,MISSISSIPPI,REPUBLICAN,439838,893857,7.0,22909.0,D,False
274,1996,MISSOURI,DEMOCRAT,1025935,2158065,11.0,67961.0,D,True
275,1996,MONTANA,REPUBLICAN,179652,407083,3.0,5866.0,D,False
276,1996,NEBRASKA,REPUBLICAN,363467,677415,5.0,63354.0,D,False
277,1996,NEVADA,DEMOCRAT,203974,464279,4.0,2366.0,D,True
278,1996,NEW HAMPSHIRE,DEMOCRAT,246166,496597,4.0,24841.0,D,True
279,1996,NEW JERSEY,DEMOCRAT,1652361,3075860,15.0,274632.0,D,True
280,1996,NEW MEXICO,DEMOCRAT,273495,556074,5.0,20373.0,D,True
281,1996,NEW YORK,DEMOCRAT,3649630,6439129,33.0,955463.0,D,True
282,1996,NORTH CAROLINA,REPUBLICAN,1225938,2515807,14.0,59046.0,D,False
283,1996,NORTH DAKOTA,REPUBLICAN,125050,266411,3.0,9074.0,D,False
284,1996,OHIO,DEMOCRAT,2148222,4534434,21.0,144171.0,D,True
285,1996,OKLAHOMA,REPUBLICAN,582315,1206713,8.0,47106.0,D,False
286,1996,OREGON,DEMOCRAT,649641,1377760,7.0,55746.0,D,True
287,1996,PENNSYLVANIA,DEMOCRAT,2215819,4501307,23.0,207326.0,D,True
288,1996,RHODE ISLAND,DEMOCRAT,233050,390247,4.0,64185.0,D,True
289,1996,SOUTH CAROLINA,REPUBLICAN,573339,1150182,8.0,33595.0,D,False
290,1996,SOUTH DAKOTA,REPUBLICAN,150543,323826,3.0,5606.0,D,False
291,1996,TENNESSEE,DEMOCRAT,909146,1894105,11.0,22809.0,D,True
292,1996,TEXAS,REPUBLICAN,2736167,5611644,32.0,138243.0,D,False
293,1996,UTAH,REPUBLICAN,361911,665629,5.0,70140.0,D,False
294,1996,VERMONT,DEMOCRAT,137894,258449,3.0,28772.0,D,True
295,1996,VIRGINIA,REPUBLICAN,1138350,2416642,13.0,23646.0,D,False
296,1996,WASHINGTON,DEMOCRAT,1123323,2253837,11.0,141307.0,D,True
297,1996,WEST VIRGINIA,DEMOCRAT,327812,636459,5.0,46934.0,D,True
298,1996,WISCONSIN,DEMOCRAT,1071971,2196169,11.0,113472.0,D,True
299,1996,WYOMING,REPUBLICAN,105388,211571,3.0,13728.0,D,False
300,2000,ALABAMA,REPUBLICAN,941173,1666272,9.0,124282.0,R,True
301,2000,ALASKA,REPUBLICAN,167398,285560,3.0,44198.0,R,True
302,2000,ARIZONA,REPUBLICAN,781652,1532016,8.0,48157.0,R,True
303,2000,ARKANSAS,REPUBLICAN,472940,921781,6.0,25087.0,R,True
304,2000,CALIFORNIA,DEMOCRAT,5861203,10965822,54.0,646888.0,R,False
305,2000,COLORADO,REPUBLICAN,883748,1741368,8.0,72762.0,R,True
306,2000,CONNECTICUT,DEMOCRAT,816015,1459525,8.0,127462.0,R,False
307,2000,DELAWARE,DEMOCRAT,180068,327529,3.0,21391.0,R,False
308,2000,FLORIDA,REPUBLICAN,2912790,5963110,25.0,270.0,R,True
309,2000,GEORGIA,REPUBLICAN,1419720,2583208,13.0,151746.0,R,True
310,2000,HAWAII,DEMOCRAT,205286,367951,4.0,33722.0,R,False
311,2000,IDAHO,REPUBLICAN,336937,501615,4.0,99151.0,R,True
312,2000,ILLINOIS,DEMOCRAT,2589026,4742108,22.0,284804.0,R,False
313,2000,INDIANA,REPUBLICAN,1245836,2199302,12.0,171929.0,R,True
314,2000,IOWA,DEMOCRAT,638517,1353022,7.0,2073.0,R,False
315,2000,KANSAS,REPUBLICAN,622332,1072216,6.0,111529.0,R,True
316,2000,KENTUCKY,REPUBLICAN,872520,1544106,8.0,116800.0,R,True
317,2000,LOUISIANA,REPUBLICAN,927871,1765656,9.0,67765.0,R,True
318,2000,MAINE,DEMOCRAT,319951,651817,4.0,16669.0,R,False
319,2000,MARYLAND,DEMOCRAT,1144008,2025212,10.0,165092.0,R,False
320,2000,MASSACHUSETTS,DEMOCRAT,1616487,2733964,12.0,368994.0,R,False
321,2000,MICHIGAN,DEMOCRAT,2170418,4232501,18.0,108641.0,R,False
322,2000,MINNESOTA,DEMOCRAT,1168266,2438685,10.0,29305.0,R,False
323,2000,MISSISSIPPI,REPUBLICAN,572844,994184,7.0,84116.0,R,True
324,2000,MISSOURI,REPUBLICAN,1189924,2359892,11.0,39394.0,R,True
325,2000,MONTANA,REPUBLICAN,240178,410986,3.0,51527.0,R,True
326,2000,NEBRASKA,REPUBLICAN,433862,697019,5.0,101042.0,R,True
327,2000,NEVADA,REPUBLICAN,301575,609426,4.0,10800.0,R,True
328,2000,NEW HAMPSHIRE,REPUBLICAN,273559,569081,4.0,3607.0,R,True
329,2000,NEW JERSEY,DEMOCRAT,1788850,3187226,15.0,252340.0,R,False
330,2000,NEW MEXICO,DEMOCRAT,286783,598605,5.0,184.0,R,False
331,2000,NEW YORK,DEMOCRAT,3942215,6960215,33.0,841820.0,R,False
332,2000,NORTH CAROLINA,REPUBLICAN,1631163,2914990,14.0,186737.0,R,True
333,2000,NORTH DAKOTA,REPUBLICAN,174852,288256,3.0,39785.0,R,True
334,2000,OHIO,REPUBLICAN,2350363,4701998,21.0,83369.0,R,True
335,2000,OKLAHOMA,REPUBLICAN,744337,1234229,8.0,135032.0,R,True
336,2000,OREGON,DEMOCRAT,720342,1533950,7.0,3384.0,R,False
337,2000,PENNSYLVANIA,DEMOCRAT,2485967,4912185,23.0,102421.0,R,False
338,2000,RHODE ISLAND,DEMOCRAT,249508,409112,4.0,59478.0,R,False
339,2000,SOUTH CAROLINA,REPUBLICAN,786892,1383902,8.0,110429.0,R,True
340,2000,SOUTH DAKOTA,REPUBLICAN,190700,316269,3.0,35949.0,R,True
341,2000,TENNESSEE,REPUBLICAN,1061949,2076181,11.0,40116.0,R,True
342,2000,TEXAS,REPUBLICAN,3799639,6407637,32.0,682948.0,R,True
343,2000,UTAH,REPUBLICAN,515096,770754,5.0,156023.0,R,True
344,2000,VERMONT,DEMOCRAT,149022,294308,3.0,14625.0,R,False
345,2000,VIRGINIA,REPUBLICAN,1437490,2739447,13.0,110101.0,R,True
346,2000,WASHINGTON,DEMOCRAT,1247652,2487433,11.0,69395.0,R,False
347,2000,WEST VIRGINIA,REPUBLICAN,336475,648124,5.0,20490.0,R,True
348,2000,WISCONSIN,DEMOCRAT,1242987,2598607,11.0,2855.0,R,False
349,2000,WYOMING,REPUBLICAN,147947,213726,3.0,43734.0,R,True
350,2004,ALABAMA,REPUBLICAN,1176394,1883415,9.0,241232.0,R,True
351,2004,ALASKA,REPUBLICAN,190889,312598,3.0,39933.0,R,True
352,2004,ARIZONA,REPUBLICAN,1104294,2012585,10.0,105386.0,R,True
353,2004,ARKANSAS,REPUBLICAN,572898,1054945,6.0,51474.0,R,True
354,2004,CALIFORNIA,DEMOCRAT,6745485,12421353,55.0,617831.0,R,False
355,2004,COLORADO,REPUBLICAN,1101255,2129630,9.0,49763.0,R,True
356,2004,CONNECTICUT,DEMOCRAT,857488,1578769,7.0,81832.0,R,False
357,2004,DELAWARE,DEMOCRAT,200152,375190,3.0,14247.0,R,False
358,2004,FLORIDA,REPUBLICAN,3964522,7609810,27.0,190490.0,R,True
359,2004,GEORGIA,REPUBLICAN,1914254,3301875,15.0,274054.0,R,True
360,2004,HAWAII,DEMOCRAT,231708,429013,4.0,18760.0,R,False
361,2004,IDAHO,REPUBLICAN,409235,598376,4.0,114070.0,R,True
362,2004,ILLINOIS,DEMOCRAT,2891550,5274322,21.0,272803.0,R,False
363,2004,INDIANA,REPUBLICAN,1479438,2468002,11.0,255215.0,R,True
364,2004,IOWA,REPUBLICAN,751957,1506908,7.0,5031.0,R,True
365,2004,KANSAS,REPUBLICAN,736456,1187756,6.0,150733.0,R,True
366,2004,KENTUCKY,REPUBLICAN,1069439,1795882,8.0,178354.0,R,True
367,2004,LOUISIANA,REPUBLICAN,1102169,1943106,9.0,140936.0,R,True
368,2004,MAINE,DEMOCRAT,396842,740752,4.0,33322.0,R,False
369,2004,MARYLAND,DEMOCRAT,1334493,2384238,10.0,154896.0,R,False
370,2004,MASSACHUSETTS,DEMOCRAT,1803800,2927455,12.0,366347.0,R,False
371,2004,MICHIGAN,DEMOCRAT,2479183,4839252,17.0,82720.0,R,False
372,2004,MINNESOTA,DEMOCRAT,1445014,2828387,10.0,49161.0,R,False
373,2004,MISSISSIPPI,REPUBLICAN,672660,1139824,6.0,107448.0,R,True
374,2004,MISSOURI,REPUBLICAN,1455713,2731364,11.0,98272.0,R,True
375,2004,MONTANA,REPUBLICAN,266063,450434,3.0,46178.0,R,True
376,2004,NEBRASKA,REPUBLICAN,512814,778186,5.0,129244.0,R,True
377,2004,NEVADA,REPUBLICAN,418690,829587,5.0,10751.0,R,True
378,2004,NEW HAMPSHIRE,DEMOCRAT,340511,678287,4.0,4638.0,R,False
379,2004,NEW JERSEY,DEMOCRAT,1911430,3611691,15.0,120715.0,R,False
380,2004,NEW MEXICO,REPUBLICAN,376930,756304,5.0,2995.0,R,True
381,2004,NEW YORK,DEMOCRAT,4180755,7448266,31.0,686882.0,R,False
382,2004,NORTH CAROLINA,REPUBLICAN,1961166,3501007,15.0,217660.0,R,True
383,2004,NORTH DAKOTA,REPUBLICAN,196651,312833,3.0,42801.0,R,True
384,2004,OHIO,REPUBLICAN,2859764,5627903,20.0,59301.0,R,True
385,2004,OKLAHOMA,REPUBLICAN,959792,1463758,7.0,227914.0,R,True
386,2004,OREGON,DEMOCRAT,943163,1836782,7.0,38167.0,R,False
387,2004,PENNSYLVANIA,DEMOCRAT,2938095,5769590,21.0,72125.0,R,False
388,2004,RHODE ISLAND,DEMOCRAT,259760,437134,4.0,45358.0,R,False
389,2004,SOUTH CAROLINA,REPUBLICAN,937974,1617700,8.0,138154.0,R,True
390,2004,SOUTH DAKOTA,REPUBLICAN,232584,388215,3.0,41671.0,R,True
391,2004,TENNESSEE,REPUBLICAN,1384375,2437319,11.0,173950.0,R,True
392,2004,TEXAS,REPUBLICAN,4526917,7410749,34.0,847108.0,R,True
393,2004,UTAH,REPUBLICAN,663742,927844,5.0,211273.0,R,True
394,2004,VERMONT,DEMOCRAT,184067,312309,3.0,31445.0,R,False
395,2004,VIRGINIA,REPUBLICAN,1716959,3195415,13.0,131110.0,R,True
396,2004,WASHINGTON,DEMOCRAT,1510201,2859084,11.0,102655.0,R,False
397,2004,WEST VIRGINIA,REPUBLICAN,423778,755792,5.0,48620.0,R,True
398,2004,WISCONSIN,DEMOCRAT,1489504,2997007,10.0,5693.0,R,False
399,2004,WYOMING,REPUBLICAN,167629,243861,3.0,48428.0,R,True
400,2008,ALABAMA,REPUBLICAN,1266546,2099819,9.0,226535.0,D,False
401,2008,ALASKA,REPUBLICAN,193841,326197,3.0,35125.0,D,False
402,2008,ARIZONA,REPUBLICAN,1230111,2293475,10.0,97703.0,D,False
403,2008,ARKANSAS,REPUBLICAN,638017,1086617,6.0,107855.0,D,False
404,2008,CALIFORNIA,DEMOCRAT,8274473,13561900,55.0,1631347.0,D,True
405,2008,COLORADO,DEMOCRAT,1288576,2401361,9.0,107495.0,D,True
406,2008,CONNECTICUT,DEMOCRAT,997772,1646792,7.0,184173.0,D,True
407,2008,DELAWARE,DEMOCRAT,255459,412412,3.0,51544.0,D,True
408,2008,FLORIDA,DEMOCRAT,4282074,8390744,27.0,118226.0,D,True
409,2008,GEORGIA,REPUBLICAN,2048759,3924486,15.0,102319.0,D,False
410,2008,HAWAII,DEMOCRAT,325871,456064,4.0,102654.0,D,True
411,2008,IDAHO,REPUBLICAN,403012,655122,4.0,83287.0,D,False
412,2008,ILLINOIS,DEMOCRAT,3419348,5522371,21.0,694086.0,D,True
413,2008,INDIANA,DEMOCRAT,1374039,2751054,11.0,14197.0,D,True
414,2008,IOWA,DEMOCRAT,828940,1537123,7.0,73282.0,D,True
415,2008,KANSAS,REPUBLICAN,699655,1235872,6.0,92446.0,D,False
416,2008,KENTUCKY,REPUBLICAN,1048462,1826620,8.0,148240.0,D,False
417,2008,LOUISIANA,REPUBLICAN,1148275,1960761,9.0,182644.0,D,False
418,2008,MAINE,DEMOCRAT,421923,731163,4.0,63326.0,D,True
419,2008,MARYLAND,DEMOCRAT,1629467,2631596,10.0,334804.0,D,True
420,2008,MASSACHUSETTS,DEMOCRAT,1904097,3102995,12.0,397623.0,D,True
421,2008,MICHIGAN,DEMOCRAT,2872579,5001596,17.0,411971.0,D,True
422,2008,MINNESOTA,DEMOCRAT,1573354,2910369,10.0,148974.0,D,True
423,2008,MISSISSIPPI,REPUBLICAN,724597,1289865,6.0,84969.0,D,False
424,2008,MISSOURI,REPUBLICAN,1445814,2925205,11.0,1953.0,D,False
425,2008,MONTANA,REPUBLICAN,242763,490109,3.0,5549.0,D,False
426,2008,NEBRASKA,REPUBLICAN,452979,801281,5.0,59831.0,D,False
427,2008,NEVADA,DEMOCRAT,533736,967848,5.0,60456.0,D,True
428,2008,NEW HAMPSHIRE,DEMOCRAT,384826,710970,4.0,34147.0,D,True
429,2008,NEW JERSEY,DEMOCRAT,2215422,3868237,15.0,301109.0,D,True
430,2008,NEW MEXICO,DEMOCRAT,472422,830158,5.0,62796.0,D,True
431,2008,NEW YORK,DEMOCRAT,4645332,7722019,31.0,1113506.0,D,True
432,2008,NORTH CAROLINA,DEMOCRAT,2142651,4310851,15.0,7090.0,D,True
433,2008,NORTH DAKOTA,REPUBLICAN,168601,316621,3.0,13663.0,D,False
434,2008,OHIO,DEMOCRAT,2940044,5708350,20.0,131113.0,D,True
435,2008,OKLAHOMA,REPUBLICAN,960165,1462661,7.0,228836.0,D,False
436,2008,OREGON,DEMOCRAT,1037291,1827864,7.0,149409.0,D,True
437,2008,PENNSYLVANIA,DEMOCRAT,3276363,6013272,21.0,310240.0,D,True
438,2008,RHODE ISLAND,DEMOCRAT,296571,471766,4.0,65591.0,D,True
439,2008,SOUTH CAROLINA,REPUBLICAN,1034896,1920969,8.0,86225.0,D,False
440,2008,SOUTH DAKOTA,REPUBLICAN,203054,381975,3.0,16066.0,D,False
441,2008,TENNESSEE,REPUBLICAN,1479178,2599749,11.0,195872.0,D,False
442,2008,TEXAS,REPUBLICAN,4479328,8077795,34.0,475349.0,D,False
443,2008,UTAH,REPUBLICAN,596030,952370,5.0,134181.0,D,False
444,2008,VERMONT,DEMOCRAT,219262,325046,3.0,60145.0,D,True
445,2008,VIRGINIA,DEMOCRAT,1959532,3723260,13.0,117265.0,D,True
446,2008,WASHINGTON,DEMOCRAT,1750848,3036878,11.0,260817.0,D,True
447,2008,WEST VIRGINIA,REPUBLICAN,397466,713451,5.0,46806.0,D,False
448,2008,WISCONSIN,DEMOCRAT,1677211,2983417,10.0,207410.0,D,True
449,2008,WYOMING,REPUBLICAN,164958,254904,3.0,41046.0,D,False
450,2012,ALABAMA,REPUBLICAN,1255925,2074338,9.0,230116.0,D,False
451,2012,ALASKA,REPUBLICAN,164676,300495,3.0,21019.0,D,False
452,2012,ARIZONA,REPUBLICAN,1233654,2299254,11.0,104212.0,D,False
453,2012,ARKANSAS,REPUBLICAN,647744,1069468,6.0,126669.0,D,False
454,2012,CALIFORNIA,DEMOCRAT,7854285,13038547,55.0,1507165.0,D,True
455,2012,COLORADO,DEMOCRAT,1323101,2569516,9.0,68930.0,D,True
456,2012,CONNECTICUT,DEMOCRAT,905083,1558204,7.0,135097.0,D,True
457,2012,DELAWARE,DEMOCRAT,242584,413890,3.0,38551.0,D,True
458,2012,FLORIDA,DEMOCRAT,4237756,8474179,29.0,37156.0,D,True
459,2012,GEORGIA,REPUBLICAN,2078688,3897839,16.0,152432.0,D,False
460,2012,HAWAII,DEMOCRAT,306658,437159,4.0,92823.0,D,True
461,2012,IDAHO,REPUBLICAN,420911,652274,4.0,104063.0,D,False
462,2012,ILLINOIS,DEMOCRAT,3019512,5242014,20.0,442149.0,D,True
463,2012,INDIANA,REPUBLICAN,1420543,2624534,11.0,133829.0,D,False
464,2012,IOWA,DEMOCRAT,822544,1582180,6.0,45965.0,D,True
465,2012,KANSAS,REPUBLICAN,692634,1159971,6.0,125955.0,D,False
466,2012,KENTUCKY,REPUBLICAN,1087190,1797212,8.0,203911.0,D,False
467,2012,LOUISIANA,REPUBLICAN,1152262,1994065,8.0,171562.0,D,False
468,2012,MAINE,DEMOCRAT,401306,724758,4.0,54516.0,D,True
469,2012,MARYLAND,DEMOCRAT,1677844,2707327,10.0,352989.0,D,True
470,2012,MASSACHUSETTS,DEMOCRAT,1921290,3184196,11.0,366489.0,D,True
471,2012,MICHIGAN,DEMOCRAT,2564569,4730961,16.0,224658.0,D,True
472,2012,MINNESOTA,DEMOCRAT,1546167,2936561,10.0,112972.0,D,True
473,2012,MISSISSIPPI,REPUBLICAN,710746,1285584,6.0,73900.0,D,False
474,2012,MISSOURI,REPUBLICAN,1482440,2757323,10.0,129323.0,D,False
475,2012,MONTANA,REPUBLICAN,267928,484048,3.0,33046.0,D,False
476,2012,NEBRASKA,REPUBLICAN,475064,794379,5.0,86493.0,D,False
477,2012,NEVADA,DEMOCRAT,531373,1014918,6.0,33904.0,D,True
478,2012,NEW HAMPSHIRE,DEMOCRAT,369561,710972,4.0,19823.0,D,True
479,2012,NEW JERSEY,DEMOCRAT,2122786,3638499,14.0,322350.0,D,True
480,2012,NEW MEXICO,DEMOCRAT,415335,783758,5.0,39775.0,D,True
481,2012,NEW YORK,DEMOCRAT,4324228,7116784,29.0,1050417.0,D,True
482,2012,NORTH CAROLINA,REPUBLICAN,2270395,4505372,15.0,46003.0,D,False
483,2012,NORTH DAKOTA,REPUBLICAN,188320,322932,3.0,31678.0,D,False
484,2012,OHIO,DEMOCRAT,2827621,5580822,18.0,83108.0,D,True
485,2012,OKLAHOMA,REPUBLICAN,891325,1334872,7.0,223890.0,D,False
486,2012,OREGON,DEMOCRAT,970488,1789270,7.0,108158.0,D,True
487,2012,PENNSYLVANIA,DEMOCRAT,2990274,5742040,20.0,154921.0,D,True
488,2012,RHODE ISLAND,DEMOCRAT,279677,446049,4.0,61238.0,D,True
489,2012,SOUTH CAROLINA,REPUBLICAN,1071645,1964118,9.0,102853.0,D,False
490,2012,SOUTH DAKOTA,REPUBLICAN,210610,363815,3.0,32787.0,D,False
491,2012,TENNESSEE,REPUBLICAN,1462330,2458577,11.0,250812.0,D,False
492,2012,TEXAS,REPUBLICAN,4569843,7993851,38.0,630861.0,D,False
493,2012,UTAH,REPUBLICAN,740600,1017440,6.0,244395.0,D,False
494,2012,VERMONT,DEMOCRAT,199239,299290,3.0,53272.0,D,True
495,2012,VIRGINIA,DEMOCRAT,1971820,3854489,13.0,74650.0,D,True
496,2012,WASHINGTON,DEMOCRAT,1755396,3125516,12.0,232364.0,D,True
497,2012,WEST VIRGINIA,REPUBLICAN,417655,670438,5.0,89694.0,D,False
498,2012,WISCONSIN,DEMOCRAT,1620985,3071434,10.0,105011.0,D,True
499,2012,WYOMING,REPUBLICAN,170962,250701,3.0,50839.0,D,False
500,2016,ALABAMA,REPUBLICAN,1318255,2123372,9.0,294355.0,R,True
501,2016,ALASKA,REPUBLICAN,163387,318608,3.0,23468.0,R,True
502,2016,ARIZONA,REPUBLICAN,1252401,2573165,11.0,45618.0,R,True
503,2016,ARKANSAS,REPUBLICAN,684872,1130635,6.0,152190.0,R,True
504,2016,CALIFORNIA,DEMOCRAT,8753788,14181595,55.0,2134990.0,R,False
505,2016,COLORADO,DEMOCRAT,1338870,2780220,9.0,68194.0,R,False
506,2016,CONNECTICUT,DEMOCRAT,897572,1644920,7.0,112180.0,R,False
507,2016,DELAWARE,DEMOCRAT,235603,441590,3.0,25239.0,R,False
508,2016,FLORIDA,REPUBLICAN,4617886,9420039,29.0,56457.0,R,True
509,2016,GEORGIA,REPUBLICAN,2089104,4114732,16.0,105572.0,R,True
510,2016,HAWAII,DEMOCRAT,266891,437664,4.0,69023.0,R,False
511,2016,IDAHO,REPUBLICAN,409055,690255,4.0,109646.0,R,True
512,2016,ILLINOIS,DEMOCRAT,3090729,5536424,20.0,472358.0,R,False
513,2016,INDIANA,REPUBLICAN,1557286,2734958,11.0,262081.0,R,True
514,2016,IOWA,REPUBLICAN,800983,1565580,6.0,73658.0,R,True
515,2016,KANSAS,REPUBLICAN,671018,1184402,6.0,122008.0,R,True
516,2016,KENTUCKY,REPUBLICAN,1202971,1924149,8.0,287060.0,R,True
517,2016,LOUISIANA,REPUBLICAN,1178638,2029032,8.0,199243.0,R,True
518,2016,MAINE,DEMOCRAT,357735,771892,4.0,11072.0,R,False
519,2016,MARYLAND,DEMOCRAT,1677928,2781446,10.0,367381.0,R,False
520,2016,MASSACHUSETTS,DEMOCRAT,1995196,3378821,11.0,452153.0,R,False
521,2016,MICHIGAN,REPUBLICAN,2279543,4799284,16.0,5353.0,R,True
522,2016,MINNESOTA,DEMOCRAT,1367705,2944782,10.0,22379.0,R,False
523,2016,MISSISSIPPI,REPUBLICAN,700714,1209357,6.0,107793.0,R,True
524,2016,MISSOURI,REPUBLICAN,1594511,2808605,10.0,261723.0,R,True
525,2016,MONTANA,REPUBLICAN,279240,494526,3.0,50767.0,R,True
526,2016,NEBRASKA,REPUBLICAN,495961,844227,5.0,105735.0,R,True
527,2016,NEVADA,DEMOCRAT,539260,1125385,6.0,13602.0,R,False
528,2016,NEW HAMPSHIRE,DEMOCRAT,348526,744296,4.0,1369.0,R,False
529,2016,NEW JERSEY,DEMOCRAT,2148278,3874046,14.0,273174.0,R,False
530,2016,NEW MEXICO,DEMOCRAT,385234,798319,5.0,32785.0,R,False
531,2016,NEW YORK,DEMOCRAT,4379789,7802084,29.0,926325.0,R,False
532,2016,NORTH CAROLINA,REPUBLICAN,2362631,4741564,15.0,86659.0,R,True
533,2016,NORTH DAKOTA,REPUBLICAN,216794,344360,3.0,61519.0,R,True
534,2016,OHIO,REPUBLICAN,2841005,5496487,18.0,223422.0,R,True
535,2016,OKLAHOMA,REPUBLICAN,949136,1452992,7.0,264382.0,R,True
536,2016,OREGON,DEMOCRAT,1002106,2001336,7.0,109853.0,R,False
537,2016,PENNSYLVANIA,REPUBLICAN,2970733,6115402,20.0,22147.0,R,True
538,2016,RHODE ISLAND,DEMOCRAT,252525,464144,4.0,35992.0,R,False
539,2016,SOUTH CAROLINA,REPUBLICAN,1155389,2103027,9.0,150009.0,R,True
540,2016,SOUTH DAKOTA,REPUBLICAN,227721,370093,3.0,55133.0,R,True
541,2016,TENNESSEE,REPUBLICAN,1522925,2508027,11.0,326116.0,R,True
542,2016,TEXAS,REPUBLICAN,4685047,8969226,38.0,403591.0,R,True
543,2016,UTAH,REPUBLICAN,515211,1131317,6.0,102270.0,R,True
544,2016,VERMONT,DEMOCRAT,178573,320467,3.0,41603.0,R,False
545,2016,VIRGINIA,DEMOCRAT,1981473,3982752,13.0,106016.0,R,False
546,2016,WASHINGTON,DEMOCRAT,1742718,3317019,12.0,260487.0,R,False
547,2016,WEST VIRGINIA,REPUBLICAN,489371,713051,5.0,150290.0,R,True
548,2016,WISCONSIN,REPUBLICAN,1405284,2976150,10.0,11375.0,R,True
549,2016,WYOMING,REPUBLICAN,174419,258788,3.0,59224.0,R,True
550,2020,ALABAMA,REPUBLICAN,1441170,2323282,9.0,295774.0,D,False
551,2020,ALASKA,REPUBLICAN,189951,359530,3.0,18088.0,D,False
552,2020,ARIZONA,DEMOCRAT,1672143,3387326,11.0,5230.0,D,True
553,2020,ARKANSAS,REPUBLICAN,760647,1219069,6.0,168359.0,D,False
554,2020,CALIFORNIA,DEMOCRAT,11110250,17500881,55.0,2551912.0,D,True
555,2020,COLORADO,DEMOCRAT,1804352,3279980,9.0,219874.0,D,True
556,2020,CONNECTICUT,DEMOCRAT,1080831,1823857,7.0,183058.0,D,True
557,2020,DELAWARE,DEMOCRAT,296268,504346,3.0,47834.0,D,True
558,2020,FLORIDA,REPUBLICAN,5668731,11067456,29.0,185844.0,D,False
559,2020,GEORGIA,DEMOCRAT,2473633,4999960,16.0,5891.0,D,True
560,2020,HAWAII,DEMOCRAT,366130,579784,4.0,84634.0,D,True
561,2020,IDAHO,REPUBLICAN,554119,868014,4.0,133550.0,D,False
562,2020,ILLINOIS,DEMOCRAT,3471915,6033743,20.0,512513.0,D,True
563,2020,INDIANA,REPUBLICAN,1729519,3033118,11.0,243553.0,D,False
564,2020,IOWA,REPUBLICAN,897672,1700130,6.0,69307.0,D,False
565,2020,KANSAS,REPUBLICAN,771406,1372303,6.0,100543.0,D,False
566,2020,KENTUCKY,REPUBLICAN,1326646,2136768,8.0,277087.0,D,False
567,2020,LOUISIANA,REPUBLICAN,1255776,2148062,8.0,199872.0,D,False
568,2020,MAINE,DEMOCRAT,435072,828305,4.0,37169.0,D,True
569,2020,MARYLAND,DEMOCRAT,1985023,3037030,10.0,504306.0,D,True
570,2020,MASSACHUSETTS,DEMOCRAT,2382202,3658005,11.0,607501.0,D,True
571,2020,MICHIGAN,DEMOCRAT,2804040,5539302,16.0,77095.0,D,True
572,2020,MINNESOTA,DEMOCRAT,1717077,3277171,10.0,116507.0,D,True
573,2020,MISSISSIPPI,REPUBLICAN,756764,1313759,6.0,108684.0,D,False
574,2020,MISSOURI,REPUBLICAN,1718736,3025962,10.0,232862.0,D,False
575,2020,MONTANA,REPUBLICAN,343602,603674,3.0,49409.0,D,False
576,2020,NEBRASKA,REPUBLICAN,556846,956383,5.0,91133.0,D,False
577,2020,NEVADA,DEMOCRAT,703486,1405376,6.0,16799.0,D,True
578,2020,NEW HAMPSHIRE,DEMOCRAT,424921,806182,4.0,29635.0,D,True
579,2020,NEW JERSEY,DEMOCRAT,2608335,4549353,14.0,362532.0,D,True
580,2020,NEW MEXICO,DEMOCRAT,501614,923965,5.0,49861.0,D,True
581,2020,NEW YORK,DEMOCRAT,5230985,8661735,29.0,993095.0,D,True
582,2020,NORTH CAROLINA,REPUBLICAN,2758773,5524802,15.0,37242.0,D,False
583,2020,NORTH DAKOTA,REPUBLICAN,235595,361819,3.0,60348.0,D,False
584,2020,OHIO,REPUBLICAN,3154834,5922202,18.0,237836.0,D,False
585,2020,OKLAHOMA,REPUBLICAN,1020280,1560699,7.0,258196.0,D,False
586,2020,OREGON,DEMOCRAT,1340383,2374321,7.0,190969.0,D,True
587,2020,PENNSYLVANIA,DEMOCRAT,3458229,6915283,20.0,40279.0,D,True
588,2020,RHODE ISLAND,DEMOCRAT,307486,516990,4.0,53783.0,D,True
589,2020,SOUTH CAROLINA,REPUBLICAN,1385103,2514096,9.0,146782.0,D,False
590,2020,SOUTH DAKOTA,REPUBLICAN,261043,422609,3.0,55287.0,D,False
591,2020,TENNESSEE,REPUBLICAN,1852475,3053851,11.0,354383.0,D,False
592,2020,TEXAS,REPUBLICAN,5890347,11315056,38.0,315612.0,D,False
593,2020,UTAH,REPUBLICAN,865140,1488289,6.0,152430.0,D,False
594,2020,VERMONT,DEMOCRAT,242820,370968,3.0,65059.0,D,True
595,2020,VIRGINIA,DEMOCRAT,2413568,4460524,13.0,225570.0,D,True
596,2020,WASHINGTON,DEMOCRAT,2369612,4087631,12.0,392482.0,D,True
597,2020,WEST VIRGINIA,REPUBLICAN,545382,794652,5.0,154700.0,D,False
598,2020,WISCONSIN,DEMOCRAT,1630866,3298041,10.0,10342.0,D,True
599,2020,WYOMING,REPUBLICAN,193559,278503,3.0,60035.0,D,False
